asset_id,name,category,subcategory,source_zip,source_filename,source_path_inside_zip,target_r2_key,target_public_url,needs_conversion,conversion_reason,notes
meghna_female_accessory_beige_shell_bag,Beige Shell Bag,accessory,bag,womens assets.zip,beige shell bag.jpg,womens assets/bags/beige shell bag.jpg,female-assets/accessory/beige_shell_bag.jpg,https://pub-43484c7ec0d741cabcac4df01e98344b.r2.dev/female-assets/accessory/beige_shell_bag.jpg,false,,
meghna_female_accessory_black_card_case,Black Card Case,accessory,card_case,womens assets.zip,black card case.jpg,womens assets/bags/black card case.jpg,female-assets/accessory/black_card_case.jpg,https://pub-43484c7ec0d741cabcac4df01e98344b.r2.dev/female-assets/accessory/black_card_case.jpg,false,,
meghna_female_accessory_black_clutch,Black Clutch,accessory,clutch,womens assets.zip,black clutch.jpg,womens assets/bags/black clutch.jpg,female-assets/accessory/black_clutch.jpg,https://pub-43484c7ec0d741cabcac4df01e98344b.r2.dev/female-assets/accessory/black_clutch.jpg,false,,
meghna_female_accessory_black_top_handle_bag,Black Top Handle Bag,accessory,top_handle,womens assets.zip,black top handle bag.jpg,womens assets/bags/black top handle bag.jpg,female-assets/accessory/black_top_handle_bag.jpg,https://pub-43484c7ec0d741cabcac4df01e98344b.r2.dev/female-assets/accessory/black_top_handle_bag.jpg,false,,
meghna_female_accessory_blue_card_case,Blue Card Case,accessory,card_case,womens assets.zip,blue card case.jpg,womens assets/bags/blue card case.jpg,female-assets/accessory/blue_card_case.jpg,https://pub-43484c7ec0d741cabcac4df01e98344b.r2.dev/female-assets/accessory/blue_card_case.jpg,false,,
meghna_female_accessory_blue_wallet,Blue Wallet,accessory,wallet,womens assets.zip,blue wallet.jpg,womens assets/bags/blue wallet.jpg,female-assets/accessory/blue_wallet.jpg,https://pub-43484c7ec0d741cabcac4df01e98344b.r2.dev/female-assets/accessory/blue_wallet.jpg,false,,
meghna_female_footwear_brown_sandals,Brown Sandals,footwear,sandal,womens assets.zip,brown sandals.jpg,womens assets/bags/brown sandals.jpg,female-assets/footwear/brown_sandals.jpg,https://pub-43484c7ec0d741cabcac4df01e98344b.r2.dev/female-assets/footwear/brown_sandals.jpg,false,,
meghna_female_accessory_brown_shoulder_bag,Brown Shoulder Bag,accessory,shoulder_bag,womens assets.zip,brown shoulder bag.jpg,womens assets/bags/brown shoulder bag.jpg,female-assets/accessory/brown_shoulder_bag.jpg,https://pub-43484c7ec0d741cabcac4df01e98344b.r2.dev/female-assets/accessory/brown_shoulder_bag.jpg,false,,
meghna_female_accessory_brown_wallet,Brown Wallet,accessory,wallet,womens assets.zip,brown wallet.jpg,womens assets/bags/brown wallet.jpg,female-assets/accessory/brown_wallet.jpg,https://pub-43484c7ec0d741cabcac4df01e98344b.r2.dev/female-assets/accessory/brown_wallet.jpg,false,,
meghna_female_accessory_green_stripes_canvas_tote,Green Stripes Canvas Tote,accessory,tote,womens assets.zip,green stripes canvas tote.jpg,womens assets/bags/green stripes canvas tote.jpg,female-assets/accessory/green_stripes_canvas_tote.jpg,https://pub-43484c7ec0d741cabcac4df01e98344b.r2.dev/female-assets/accessory/green_stripes_canvas_tote.jpg,false,,
meghna_female_accessory_grey_suede_bag,Grey Suede Bag,accessory,bag,womens assets.zip,grey suede bag.jpg,womens assets/bags/grey suede bag.jpg,female-assets/accessory/grey_suede_bag.jpg,https://pub-43484c7ec0d741cabcac4df01e98344b.r2.dev/female-assets/accessory/grey_suede_bag.jpg,false,,
meghna_female_footwear_leopard_flipflops,Leopard Flipflops,footwear,flipflop,womens assets.zip,leopard flipflops.jpg,womens assets/bags/leopard flipflops.jpg,female-assets/footwear/leopard_flipflops.jpg,https://pub-43484c7ec0d741cabcac4df01e98344b.r2.dev/female-assets/footwear/leopard_flipflops.jpg,false,,
meghna_female_accessory_light_brown_top_handle_bag,Light Brown Top Handle Bag,accessory,top_handle,womens assets.zip,light brown top handle bag.jpg,womens assets/bags/light brown top handle bag.jpg,female-assets/accessory/light_brown_top_handle_bag.jpg,https://pub-43484c7ec0d741cabcac4df01e98344b.r2.dev/female-assets/accessory/light_brown_top_handle_bag.jpg,false,,
meghna_female_accessory_olive_green_woven_handbag,Olive Green Woven Handbag,accessory,handbag,womens assets.zip,olive green woven handbag.jpg,womens assets/bags/olive green woven handbag.jpg,female-assets/accessory/olive_green_woven_handbag.jpg,https://pub-43484c7ec0d741cabcac4df01e98344b.r2.dev/female-assets/accessory/olive_green_woven_handbag.jpg,false,,
meghna_female_accessory_orange_and_pink_woven_beach_tot,Orange And Pink Woven Beach Tot,accessory,,womens assets.zip,orange and pink woven beach tot.jpg,womens assets/bags/orange and pink woven beach tot.jpg,female-assets/accessory/orange_and_pink_woven_beach_tot.jpg,https://pub-43484c7ec0d741cabcac4df01e98344b.r2.dev/female-assets/accessory/orange_and_pink_woven_beach_tot.jpg,false,,
meghna_female_accessory_pink_wallet,Pink Wallet,accessory,wallet,womens assets.zip,pink wallet.jpg,womens assets/bags/pink wallet.jpg,female-assets/accessory/pink_wallet.jpg,https://pub-43484c7ec0d741cabcac4df01e98344b.r2.dev/female-assets/accessory/pink_wallet.jpg,false,,
meghna_female_accessory_purple_wallet,Purple Wallet,accessory,wallet,womens assets.zip,purple wallet.jpg,womens assets/bags/purple wallet.jpg,female-assets/accessory/purple_wallet.jpg,https://pub-43484c7ec0d741cabcac4df01e98344b.r2.dev/female-assets/accessory/purple_wallet.jpg,false,,
meghna_female_accessory_tan_top_handle_shoulder_bag,Tan Top Handle Shoulder Bag,accessory,shoulder_bag,womens assets.zip,tan top handle shoulder bag.jpg,womens assets/bags/tan top handle shoulder bag.jpg,female-assets/accessory/tan_top_handle_shoulder_bag.jpg,https://pub-43484c7ec0d741cabcac4df01e98344b.r2.dev/female-assets/accessory/tan_top_handle_shoulder_bag.jpg,false,,
meghna_female_accessory_travel_tote_pink,Travel Tote Pink,accessory,tote,womens assets.zip,travel tote pink.jpg,womens assets/bags/travel tote pink.jpg,female-assets/accessory/travel_tote_pink.jpg,https://pub-43484c7ec0d741cabcac4df01e98344b.r2.dev/female-assets/accessory/travel_tote_pink.jpg,false,,
meghna_female_bottom_acid_wash_jeans,Acid Wash Jeans,bottom,jeans,womens assets.zip,acid wash jeans.jpg,womens assets/bottoms/acid wash jeans.jpg,female-assets/bottom/acid_wash_jeans.jpg,https://pub-43484c7ec0d741cabcac4df01e98344b.r2.dev/female-assets/bottom/acid_wash_jeans.jpg,false,,
meghna_female_bottom_beige_pants_high_waisted,Beige Pants High Waisted,bottom,pant,womens assets.zip,beige pants high waisted.jpg,womens assets/bottoms/beige pants high waisted.jpg,female-assets/bottom/beige_pants_high_waisted.jpg,https://pub-43484c7ec0d741cabcac4df01e98344b.r2.dev/female-assets/bottom/beige_pants_high_waisted.jpg,false,,
meghna_female_bottom_black_and_white_polka_dot_shorts,Black And White Polka Dot Shorts,bottom,shorts,womens assets.zip,black and white polka dot shorts.jpg,womens assets/bottoms/black and white polka dot shorts.jpg,female-assets/bottom/black_and_white_polka_dot_shorts.jpg,https://pub-43484c7ec0d741cabcac4df01e98344b.r2.dev/female-assets/bottom/black_and_white_polka_dot_shorts.jpg,false,,
meghna_female_bottom_black_jeans,Black Jeans,bottom,jeans,womens assets.zip,black jeans.jpg,womens assets/bottoms/black jeans.jpg,female-assets/bottom/black_jeans.jpg,https://pub-43484c7ec0d741cabcac4df01e98344b.r2.dev/female-assets/bottom/black_jeans.jpg,false,,
meghna_female_accessory_black_leather_fringe_midi_skirt,Black Leather Fringe Midi Skirt,accessory,,womens assets.zip,black leather fringe midi skirt.jpg,womens assets/bottoms/black leather fringe midi skirt.jpg,female-assets/accessory/black_leather_fringe_midi_skirt.jpg,https://pub-43484c7ec0d741cabcac4df01e98344b.r2.dev/female-assets/accessory/black_leather_fringe_midi_skirt.jpg,false,,
meghna_female_bottom_black_midi_skirt,Black Midi Skirt,bottom,skirt,womens assets.zip,black midi skirt.jpg,womens assets/bottoms/black midi skirt.jpg,female-assets/bottom/black_midi_skirt.jpg,https://pub-43484c7ec0d741cabcac4df01e98344b.r2.dev/female-assets/bottom/black_midi_skirt.jpg,false,,
meghna_female_bottom_black_wide_leg_trouser,Black Wide Leg Trouser,bottom,trouser,womens assets.zip,Black Wide Leg Trouser.jfif,womens assets/bottoms/Black Wide Leg Trouser.jfif,female-assets/bottom/black_wide_leg_trouser.jpg,https://pub-43484c7ec0d741cabcac4df01e98344b.r2.dev/female-assets/bottom/black_wide_leg_trouser.jpg,true,.jfif source -> .jpg target (R2 key is .jpg),
meghna_female_bottom_blue_block_print_maxi_skirt,Blue Block Print Maxi Skirt,bottom,skirt,womens assets.zip,blue block print maxi skirt.jpg,womens assets/bottoms/blue block print maxi skirt.jpg,female-assets/bottom/blue_block_print_maxi_skirt.jpg,https://pub-43484c7ec0d741cabcac4df01e98344b.r2.dev/female-assets/bottom/blue_block_print_maxi_skirt.jpg,false,,
meghna_female_bottom_blue_denim_maxi_skirt,Blue Denim Maxi Skirt,bottom,skirt,womens assets.zip,blue denim maxi skirt.jpg,womens assets/bottoms/blue denim maxi skirt.jpg,female-assets/bottom/blue_denim_maxi_skirt.jpg,https://pub-43484c7ec0d741cabcac4df01e98344b.r2.dev/female-assets/bottom/blue_denim_maxi_skirt.jpg,false,,
meghna_female_bottom_blue_floral_maxi_skirt,Blue Floral Maxi Skirt,bottom,skirt,womens assets.zip,blue floral maxi skirt.jpg,womens assets/bottoms/blue floral maxi skirt.jpg,female-assets/bottom/blue_floral_maxi_skirt.jpg,https://pub-43484c7ec0d741cabcac4df01e98344b.r2.dev/female-assets/bottom/blue_floral_maxi_skirt.jpg,false,,
meghna_female_bottom_blue_ginghem_middi_skirt,Blue Ginghem Middi Skirt,bottom,skirt,womens assets.zip,blue ginghem middi skirt.jpg,womens assets/bottoms/blue ginghem middi skirt.jpg,female-assets/bottom/blue_ginghem_middi_skirt.jpg,https://pub-43484c7ec0d741cabcac4df01e98344b.r2.dev/female-assets/bottom/blue_ginghem_middi_skirt.jpg,false,,
meghna_female_bottom_blue_jeans,Blue Jeans,bottom,jeans,womens assets.zip,blue jeans.jpg,womens assets/bottoms/blue jeans.jpg,female-assets/bottom/blue_jeans.jpg,https://pub-43484c7ec0d741cabcac4df01e98344b.r2.dev/female-assets/bottom/blue_jeans.jpg,false,,
meghna_female_bottom_blue_light_jeans,Blue Light Jeans,bottom,jeans,womens assets.zip,blue light jeans.jpg,womens assets/bottoms/blue light jeans.jpg,female-assets/bottom/blue_light_jeans.jpg,https://pub-43484c7ec0d741cabcac4df01e98344b.r2.dev/female-assets/bottom/blue_light_jeans.jpg,false,,
meghna_female_bottom_blue_torn_jeans,Blue Torn Jeans,bottom,jeans,womens assets.zip,blue torn jeans.jpg,womens assets/bottoms/blue torn jeans.jpg,female-assets/bottom/blue_torn_jeans.jpg,https://pub-43484c7ec0d741cabcac4df01e98344b.r2.dev/female-assets/bottom/blue_torn_jeans.jpg,false,,
meghna_female_bottom_brown_cycling_shorts,Brown Cycling Shorts,bottom,shorts,womens assets.zip,brown cycling shorts.jpg,womens assets/bottoms/brown cycling shorts.jpg,female-assets/bottom/brown_cycling_shorts.jpg,https://pub-43484c7ec0d741cabcac4df01e98344b.r2.dev/female-assets/bottom/brown_cycling_shorts.jpg,false,,
meghna_female_bottom_brown_skirt,Brown Skirt,bottom,skirt,womens assets.zip,brown skirt.jpg,womens assets/bottoms/brown skirt.jpg,female-assets/bottom/brown_skirt.jpg,https://pub-43484c7ec0d741cabcac4df01e98344b.r2.dev/female-assets/bottom/brown_skirt.jpg,false,,
meghna_female_bottom_burnt_red_cycling_shorts,Burnt Red Cycling Shorts,bottom,shorts,womens assets.zip,burnt red cycling shorts.jpg,womens assets/bottoms/burnt red cycling shorts.jpg,female-assets/bottom/burnt_red_cycling_shorts.jpg,https://pub-43484c7ec0d741cabcac4df01e98344b.r2.dev/female-assets/bottom/burnt_red_cycling_shorts.jpg,false,,
meghna_female_bottom_charcoal_tailored_trouser,Charcoal Tailored Trouser,bottom,trouser,womens assets.zip,Charcoal Tailored Trouser.jfif,womens assets/bottoms/Charcoal Tailored Trouser.jfif,female-assets/bottom/charcoal_tailored_trouser.jpg,https://pub-43484c7ec0d741cabcac4df01e98344b.r2.dev/female-assets/bottom/charcoal_tailored_trouser.jpg,true,.jfif source -> .jpg target (R2 key is .jpg),
meghna_female_bottom_cream_cycling_shorts,Cream Cycling Shorts,bottom,shorts,womens assets.zip,cream cycling shorts.jpg,womens assets/bottoms/cream cycling shorts.jpg,female-assets/bottom/cream_cycling_shorts.jpg,https://pub-43484c7ec0d741cabcac4df01e98344b.r2.dev/female-assets/bottom/cream_cycling_shorts.jpg,false,,
meghna_female_bottom_cream_midi_skirt_with_slit,Cream Midi Skirt With Slit,bottom,skirt,womens assets.zip,cream midi skirt with slit.jpg,womens assets/bottoms/cream midi skirt with slit.jpg,female-assets/bottom/cream_midi_skirt_with_slit.jpg,https://pub-43484c7ec0d741cabcac4df01e98344b.r2.dev/female-assets/bottom/cream_midi_skirt_with_slit.jpg,false,,
meghna_female_bottom_cream_wide_leg_trouser,Cream Wide Leg Trouser,bottom,trouser,womens assets.zip,Cream Wide Leg Trouser.jfif,womens assets/bottoms/Cream Wide Leg Trouser.jfif,female-assets/bottom/cream_wide_leg_trouser.jpg,https://pub-43484c7ec0d741cabcac4df01e98344b.r2.dev/female-assets/bottom/cream_wide_leg_trouser.jpg,true,.jfif source -> .jpg target (R2 key is .jpg),
meghna_female_bottom_dark_blue_denim_skirt_knee_length,Dark Blue Denim Skirt Knee Length,bottom,skirt,womens assets.zip,dark blue denim skirt knee length.jpg,womens assets/bottoms/dark blue denim skirt knee length.jpg,female-assets/bottom/dark_blue_denim_skirt_knee_length.jpg,https://pub-43484c7ec0d741cabcac4df01e98344b.r2.dev/female-assets/bottom/dark_blue_denim_skirt_knee_length.jpg,false,,
meghna_female_bottom_dark_blue_jeans,Dark Blue Jeans,bottom,jeans,womens assets.zip,dark blue jeans.jpg,womens assets/bottoms/dark blue jeans.jpg,female-assets/bottom/dark_blue_jeans.jpg,https://pub-43484c7ec0d741cabcac4df01e98344b.r2.dev/female-assets/bottom/dark_blue_jeans.jpg,false,,
meghna_female_bottom_dark_grey_jeans,Dark Grey Jeans,bottom,jeans,womens assets.zip,dark grey jeans.jpg,womens assets/bottoms/dark grey jeans.jpg,female-assets/bottom/dark_grey_jeans.jpg,https://pub-43484c7ec0d741cabcac4df01e98344b.r2.dev/female-assets/bottom/dark_grey_jeans.jpg,false,,
meghna_female_bottom_denim_skirt_short,Denim Skirt Short,bottom,skirt,womens assets.zip,denim skirt short.jpg,womens assets/bottoms/denim skirt short.jpg,female-assets/bottom/denim_skirt_short.jpg,https://pub-43484c7ec0d741cabcac4df01e98344b.r2.dev/female-assets/bottom/denim_skirt_short.jpg,false,,
meghna_female_bottom_ecru_jean,Ecru Jean,bottom,,womens assets.zip,Ecru Jean.jfif,womens assets/bottoms/Ecru Jean.jfif,female-assets/bottom/ecru_jean.jpg,https://pub-43484c7ec0d741cabcac4df01e98344b.r2.dev/female-assets/bottom/ecru_jean.jpg,true,.jfif source -> .jpg target (R2 key is .jpg),
meghna_female_accessory_leather_fringe_pants,Leather Fringe Pants,accessory,,womens assets.zip,leather fringe pants.jpg,womens assets/bottoms/leather fringe pants.jpg,female-assets/accessory/leather_fringe_pants.jpg,https://pub-43484c7ec0d741cabcac4df01e98344b.r2.dev/female-assets/accessory/leather_fringe_pants.jpg,false,,
meghna_female_bottom_light_blue_jeans,Light Blue Jeans,bottom,jeans,womens assets.zip,light blue jeans.jpg,womens assets/bottoms/light blue jeans.jpg,female-assets/bottom/light_blue_jeans.jpg,https://pub-43484c7ec0d741cabcac4df01e98344b.r2.dev/female-assets/bottom/light_blue_jeans.jpg,false,,
meghna_female_bottom_medium_denim_shorts_high_waisted,Medium Denim Shorts High Waisted,bottom,shorts,womens assets.zip,medium denim shorts high waisted.jpg,womens assets/bottoms/medium denim shorts high waisted.jpg,female-assets/bottom/medium_denim_shorts_high_waisted.jpg,https://pub-43484c7ec0d741cabcac4df01e98344b.r2.dev/female-assets/bottom/medium_denim_shorts_high_waisted.jpg,false,,
meghna_female_bottom_navy_blue_denim_shorts_high_waisted,Navy Blue Denim Shorts High Waisted,bottom,shorts,womens assets.zip,navy blue denim shorts high waisted.jpg,womens assets/bottoms/navy blue denim shorts high waisted.jpg,female-assets/bottom/navy_blue_denim_shorts_high_waisted.jpg,https://pub-43484c7ec0d741cabcac4df01e98344b.r2.dev/female-assets/bottom/navy_blue_denim_shorts_high_waisted.jpg,false,,
meghna_female_bottom_navy_blue_high_rise_jeans,Navy Blue High Rise Jeans,bottom,jeans,womens assets.zip,navy blue high rise jeans.jpg,womens assets/bottoms/navy blue high rise jeans.jpg,female-assets/bottom/navy_blue_high_rise_jeans.jpg,https://pub-43484c7ec0d741cabcac4df01e98344b.r2.dev/female-assets/bottom/navy_blue_high_rise_jeans.jpg,false,,
meghna_female_bottom_navy_blue_jeans,Navy Blue Jeans,bottom,jeans,womens assets.zip,navy blue jeans.jpg,womens assets/bottoms/navy blue jeans.jpg,female-assets/bottom/navy_blue_jeans.jpg,https://pub-43484c7ec0d741cabcac4df01e98344b.r2.dev/female-assets/bottom/navy_blue_jeans.jpg,false,,
meghna_female_bottom_pink_block_print_maxi_skirt,Pink Block Print Maxi Skirt,bottom,skirt,womens assets.zip,pink block print maxi skirt.jpg,womens assets/bottoms/pink block print maxi skirt.jpg,female-assets/bottom/pink_block_print_maxi_skirt.jpg,https://pub-43484c7ec0d741cabcac4df01e98344b.r2.dev/female-assets/bottom/pink_block_print_maxi_skirt.jpg,false,,
meghna_female_accessory_red_high_waisted_belted_pants,Red High Waisted Belted Pants,accessory,belt,womens assets.zip,red high waisted belted pants.jpg,womens assets/bottoms/red high waisted belted pants.jpg,female-assets/accessory/red_high_waisted_belted_pants.jpg,https://pub-43484c7ec0d741cabcac4df01e98344b.r2.dev/female-assets/accessory/red_high_waisted_belted_pants.jpg,false,,
meghna_female_bottom_red_pleated_maxi_skirt,Red Pleated Maxi Skirt,bottom,skirt,womens assets.zip,red pleated maxi skirt.jpg,womens assets/bottoms/red pleated maxi skirt.jpg,female-assets/bottom/red_pleated_maxi_skirt.jpg,https://pub-43484c7ec0d741cabcac4df01e98344b.r2.dev/female-assets/bottom/red_pleated_maxi_skirt.jpg,false,,
meghna_female_bottom_straight_blue_jean,Straight Blue Jean,bottom,,womens assets.zip,Straight Blue Jean.jfif,womens assets/bottoms/Straight Blue Jean.jfif,female-assets/bottom/straight_blue_jean.jpg,https://pub-43484c7ec0d741cabcac4df01e98344b.r2.dev/female-assets/bottom/straight_blue_jean.jpg,true,.jfif source -> .jpg target (R2 key is .jpg),
meghna_female_bottom_white_jeans,White Jeans,bottom,jeans,womens assets.zip,white jeans.jpg,womens assets/bottoms/white jeans.jpg,female-assets/bottom/white_jeans.jpg,https://pub-43484c7ec0d741cabcac4df01e98344b.r2.dev/female-assets/bottom/white_jeans.jpg,false,,
meghna_female_bottom_yellow_pleated_midi_skirt,Yellow Pleated Midi Skirt,bottom,skirt,womens assets.zip,yellow pleated midi skirt.jpg,womens assets/bottoms/yellow pleated midi skirt.jpg,female-assets/bottom/yellow_pleated_midi_skirt.jpg,https://pub-43484c7ec0d741cabcac4df01e98344b.r2.dev/female-assets/bottom/yellow_pleated_midi_skirt.jpg,false,,
meghna_female_dress_baby_blue_midi_dress,Baby Blue Midi Dress,dress,midi_dress,womens assets.zip,baby blue midi dress.jpg,womens assets/dresses/baby blue midi dress.jpg,female-assets/dress/baby_blue_midi_dress.jpg,https://pub-43484c7ec0d741cabcac4df01e98344b.r2.dev/female-assets/dress/baby_blue_midi_dress.jpg,false,,
meghna_female_dress_barbiepinkboatneckdress,Barbiepinkboatneckdress,dress,dress,womens assets.zip,barbiepinkboatneckdress.jpg,womens assets/dresses/barbiepinkboatneckdress.jpg,female-assets/dress/barbiepinkboatneckdress.jpg,https://pub-43484c7ec0d741cabcac4df01e98344b.r2.dev/female-assets/dress/barbiepinkboatneckdress.jpg,false,,
meghna_female_dress_beaded_black_sleeveless_dress,Beaded Black Sleeveless Dress,dress,dress,womens assets.zip,beaded black sleeveless dress.jpg,womens assets/dresses/beaded black sleeveless dress.jpg,female-assets/dress/beaded_black_sleeveless_dress.jpg,https://pub-43484c7ec0d741cabcac4df01e98344b.r2.dev/female-assets/dress/beaded_black_sleeveless_dress.jpg,false,,
meghna_female_dress_black_and_white_polka_dot_dress,Black And White Polka Dot Dress,dress,dress,womens assets.zip,black and white polka dot dress.jpg,womens assets/dresses/black and white polka dot dress.jpg,female-assets/dress/black_and_white_polka_dot_dress.jpg,https://pub-43484c7ec0d741cabcac4df01e98344b.r2.dev/female-assets/dress/black_and_white_polka_dot_dress.jpg,false,,
meghna_female_dress_black_lace_dress,Black Lace Dress,dress,dress,womens assets.zip,black lace dress.jpg,womens assets/dresses/black lace dress.jpg,female-assets/dress/black_lace_dress.jpg,https://pub-43484c7ec0d741cabcac4df01e98344b.r2.dev/female-assets/dress/black_lace_dress.jpg,false,,
meghna_female_dress_black_minimal_midi_dress,Black Minimal Midi Dress,dress,midi_dress,womens assets.zip,Black Minimal Midi Dress.jfif,womens assets/dresses/Black Minimal Midi Dress.jfif,female-assets/dress/black_minimal_midi_dress.jpg,https://pub-43484c7ec0d741cabcac4df01e98344b.r2.dev/female-assets/dress/black_minimal_midi_dress.jpg,true,.jfif source -> .jpg target (R2 key is .jpg),
meghna_female_dress_black_velvet_short_dress,Black Velvet Short Dress,dress,dress,womens assets.zip,black velvet short dress.jpg,womens assets/dresses/black velvet short dress.jpg,female-assets/dress/black_velvet_short_dress.jpg,https://pub-43484c7ec0d741cabcac4df01e98344b.r2.dev/female-assets/dress/black_velvet_short_dress.jpg,false,,
meghna_female_dress_blackandwhiteboatneckmini,Blackandwhiteboatneckmini,dress,mini,womens assets.zip,blackandwhiteboatneckmini.jpg,womens assets/dresses/blackandwhiteboatneckmini.jpg,female-assets/dress/blackandwhiteboatneckmini.jpg,https://pub-43484c7ec0d741cabcac4df01e98344b.r2.dev/female-assets/dress/blackandwhiteboatneckmini.jpg,false,,
meghna_female_dress_blackboatneckmidi,Blackboatneckmidi,dress,midi,womens assets.zip,blackboatneckmidi.jpg,womens assets/dresses/blackboatneckmidi.jpg,female-assets/dress/blackboatneckmidi.jpg,https://pub-43484c7ec0d741cabcac4df01e98344b.r2.dev/female-assets/dress/blackboatneckmidi.jpg,false,,
meghna_female_dress_blackboatneckmini,Blackboatneckmini,dress,mini,womens assets.zip,blackboatneckmini.jpg,womens assets/dresses/blackboatneckmini.jpg,female-assets/dress/blackboatneckmini.jpg,https://pub-43484c7ec0d741cabcac4df01e98344b.r2.dev/female-assets/dress/blackboatneckmini.jpg,false,,
meghna_female_dress_blue_and_brown_stripes_crochet_dress,Blue And Brown Stripes Crochet Dress,dress,dress,womens assets.zip,blue and brown stripes crochet dress.jpg,womens assets/dresses/blue and brown stripes crochet dress.jpg,female-assets/dress/blue_and_brown_stripes_crochet_dress.jpg,https://pub-43484c7ec0d741cabcac4df01e98344b.r2.dev/female-assets/dress/blue_and_brown_stripes_crochet_dress.jpg,false,,
meghna_female_dress_blue_instripe_shirt_dress,Blue Instripe Shirt Dress,dress,dress,womens assets.zip,blue instripe shirt dress.jpg,womens assets/dresses/blue instripe shirt dress.jpg,female-assets/dress/blue_instripe_shirt_dress.jpg,https://pub-43484c7ec0d741cabcac4df01e98344b.r2.dev/female-assets/dress/blue_instripe_shirt_dress.jpg,false,,
meghna_female_dress_blue_short_dress,Blue Short Dress,dress,dress,womens assets.zip,blue short dress.jpg,womens assets/dresses/blue short dress.jpg,female-assets/dress/blue_short_dress.jpg,https://pub-43484c7ec0d741cabcac4df01e98344b.r2.dev/female-assets/dress/blue_short_dress.jpg,false,,
meghna_female_dress_blueboatneckhalfsleevedress,Blueboatneckhalfsleevedress,dress,dress,womens assets.zip,blueboatneckhalfsleevedress.jpg,womens assets/dresses/blueboatneckhalfsleevedress.jpg,female-assets/dress/blueboatneckhalfsleevedress.jpg,https://pub-43484c7ec0d741cabcac4df01e98344b.r2.dev/female-assets/dress/blueboatneckhalfsleevedress.jpg,false,,
meghna_female_dress_brown_short_dress,Brown Short Dress,dress,dress,womens assets.zip,brown short dress.jpg,womens assets/dresses/brown short dress.jpg,female-assets/dress/brown_short_dress.jpg,https://pub-43484c7ec0d741cabcac4df01e98344b.r2.dev/female-assets/dress/brown_short_dress.jpg,false,,
meghna_female_dress_colared_short_dress,Colared Short Dress,dress,dress,womens assets.zip,colared short dress.jpg,womens assets/dresses/colared short dress.jpg,female-assets/dress/colared_short_dress.jpg,https://pub-43484c7ec0d741cabcac4df01e98344b.r2.dev/female-assets/dress/colared_short_dress.jpg,false,,
meghna_female_dress_cream_column_dress,Cream Column Dress,dress,dress,womens assets.zip,Cream Column Dress.jfif,womens assets/dresses/Cream Column Dress.jfif,female-assets/dress/cream_column_dress.jpg,https://pub-43484c7ec0d741cabcac4df01e98344b.r2.dev/female-assets/dress/cream_column_dress.jpg,true,.jfif source -> .jpg target (R2 key is .jpg),
meghna_female_dress_cream_knit_midi_dress_with_collar,Cream Knit Midi Dress With Collar,dress,midi_dress,womens assets.zip,cream knit midi dress with collar.jpg,womens assets/dresses/cream knit midi dress with collar.jpg,female-assets/dress/cream_knit_midi_dress_with_collar.jpg,https://pub-43484c7ec0d741cabcac4df01e98344b.r2.dev/female-assets/dress/cream_knit_midi_dress_with_collar.jpg,false,,
meghna_female_dress_cream_midi_dress,Cream Midi Dress,dress,midi_dress,womens assets.zip,cream midi dress.jpg,womens assets/dresses/cream midi dress.jpg,female-assets/dress/cream_midi_dress.jpg,https://pub-43484c7ec0d741cabcac4df01e98344b.r2.dev/female-assets/dress/cream_midi_dress.jpg,false,,
meghna_female_dress_crochet_colorful_dress,Crochet Colorful Dress,dress,dress,womens assets.zip,crochet colorful dress.jpg,womens assets/dresses/crochet colorful dress.jpg,female-assets/dress/crochet_colorful_dress.jpg,https://pub-43484c7ec0d741cabcac4df01e98344b.r2.dev/female-assets/dress/crochet_colorful_dress.jpg,false,,
meghna_female_dress_dark_blue_midi_dress,Dark Blue Midi Dress,dress,midi_dress,womens assets.zip,dark blue midi dress.jpg,womens assets/dresses/dark blue midi dress.jpg,female-assets/dress/dark_blue_midi_dress.jpg,https://pub-43484c7ec0d741cabcac4df01e98344b.r2.dev/female-assets/dress/dark_blue_midi_dress.jpg,false,,
meghna_female_dress_denim_dress,Denim Dress,dress,dress,womens assets.zip,denim dress.jpg,womens assets/dresses/denim dress.jpg,female-assets/dress/denim_dress.jpg,https://pub-43484c7ec0d741cabcac4df01e98344b.r2.dev/female-assets/dress/denim_dress.jpg,false,,
meghna_female_dress_denimsweetheartneckdress,Denimsweetheartneckdress,dress,dress,womens assets.zip,denimsweetheartneckdress.jpg,womens assets/dresses/denimsweetheartneckdress.jpg,female-assets/dress/denimsweetheartneckdress.jpg,https://pub-43484c7ec0d741cabcac4df01e98344b.r2.dev/female-assets/dress/denimsweetheartneckdress.jpg,false,,
meghna_female_dress_floral_midi_dress,Floral Midi Dress,dress,midi_dress,womens assets.zip,floral midi dress.jpg,womens assets/dresses/floral midi dress.jpg,female-assets/dress/floral_midi_dress.jpg,https://pub-43484c7ec0d741cabcac4df01e98344b.r2.dev/female-assets/dress/floral_midi_dress.jpg,false,,
meghna_female_dress_florallayeredgreencreamdress,Florallayeredgreencreamdress,dress,dress,womens assets.zip,florallayeredgreencreamdress.jpg,womens assets/dresses/florallayeredgreencreamdress.jpg,female-assets/dress/florallayeredgreencreamdress.jpg,https://pub-43484c7ec0d741cabcac4df01e98344b.r2.dev/female-assets/dress/florallayeredgreencreamdress.jpg,false,,
meghna_female_dress_light_blue_denim_midi_dress,Light Blue Denim Midi Dress,dress,midi_dress,womens assets.zip,light blue denim midi dress.jpg,womens assets/dresses/light blue denim midi dress.jpg,female-assets/dress/light_blue_denim_midi_dress.jpg,https://pub-43484c7ec0d741cabcac4df01e98344b.r2.dev/female-assets/dress/light_blue_denim_midi_dress.jpg,false,,
meghna_female_dress_lightblueboatneckmididress,Lightblueboatneckmididress,dress,midi,womens assets.zip,lightblueboatneckmididress.jpg,womens assets/dresses/lightblueboatneckmididress.jpg,female-assets/dress/lightblueboatneckmididress.jpg,https://pub-43484c7ec0d741cabcac4df01e98344b.r2.dev/female-assets/dress/lightblueboatneckmididress.jpg,false,,
meghna_female_dress_maroonboatneckmidi,Maroonboatneckmidi,dress,midi,womens assets.zip,maroonboatneckmidi.jpg,womens assets/dresses/maroonboatneckmidi.jpg,female-assets/dress/maroonboatneckmidi.jpg,https://pub-43484c7ec0d741cabcac4df01e98344b.r2.dev/female-assets/dress/maroonboatneckmidi.jpg,false,,
meghna_female_dress_maroonboatneck_2,Maroonboatneckmini,dress,mini,womens assets.zip,maroonboatneckmini.jpg,womens assets/dresses/maroonboatneckmini.jpg,female-assets/dress/maroonboatneckmini.jpg,https://pub-43484c7ec0d741cabcac4df01e98344b.r2.dev/female-assets/dress/maroonboatneckmini.jpg,false,,
meghna_female_dress_multicolour_boho_maxi_dress,Multicolour Boho Maxi Dress,dress,maxi_dress,womens assets.zip,multicolour boho maxi dress.jpg,womens assets/dresses/multicolour boho maxi dress.jpg,female-assets/dress/multicolour_boho_maxi_dress.jpg,https://pub-43484c7ec0d741cabcac4df01e98344b.r2.dev/female-assets/dress/multicolour_boho_maxi_dress.jpg,false,,
meghna_female_outerwear_navy_blazer_mini_dress,Navy Blazer Mini Dress,outerwear,blazer,womens assets.zip,navy blazer mini dress.jpg,womens assets/dresses/navy blazer mini dress.jpg,female-assets/outerwear/navy_blazer_mini_dress.jpg,https://pub-43484c7ec0d741cabcac4df01e98344b.r2.dev/female-assets/outerwear/navy_blazer_mini_dress.jpg,false,,
meghna_female_dress_offshouldercreammididress,Offshouldercreammididress,dress,midi,womens assets.zip,offshouldercreammididress.jpg,womens assets/dresses/offshouldercreammididress.jpg,female-assets/dress/offshouldercreammididress.jpg,https://pub-43484c7ec0d741cabcac4df01e98344b.r2.dev/female-assets/dress/offshouldercreammididress.jpg,false,,
meghna_female_dress_offshoulderdressminiblackandgrey,Offshoulderdressminiblackandgrey,dress,mini,womens assets.zip,offshoulderdressminiblackandgrey.png,womens assets/dresses/offshoulderdressminiblackandgrey.png,female-assets/dress/offshoulderdressminiblackandgrey.jpg,https://pub-43484c7ec0d741cabcac4df01e98344b.r2.dev/female-assets/dress/offshoulderdressminiblackandgrey.jpg,true,.png source -> .jpg target (R2 key is .jpg),
meghna_female_dress_offshouldershirtdressblueandblack,Offshouldershirtdressblueandblack,dress,dress,womens assets.zip,offshouldershirtdressblueandblack.jpg,womens assets/dresses/offshouldershirtdressblueandblack.jpg,female-assets/dress/offshouldershirtdressblueandblack.jpg,https://pub-43484c7ec0d741cabcac4df01e98344b.r2.dev/female-assets/dress/offshouldershirtdressblueandblack.jpg,false,,
meghna_female_dress_one_shoulder_green_sequins_dress_faux_fur,One Shoulder Green Sequins Dress Faux Fur,dress,dress,womens assets.zip,one shoulder green sequins dress faux fur.jpg,womens assets/dresses/one shoulder green sequins dress faux fur.jpg,female-assets/dress/one_shoulder_green_sequins_dress_faux_fur.jpg,https://pub-43484c7ec0d741cabcac4df01e98344b.r2.dev/female-assets/dress/one_shoulder_green_sequins_dress_faux_fur.jpg,false,,
meghna_female_dress_orangegoldbutterflyminidress,Orangegoldbutterflyminidress,dress,mini,womens assets.zip,orangegoldbutterflyminidress.jpg,womens assets/dresses/orangegoldbutterflyminidress.jpg,female-assets/dress/orangegoldbutterflyminidress.jpg,https://pub-43484c7ec0d741cabcac4df01e98344b.r2.dev/female-assets/dress/orangegoldbutterflyminidress.jpg,false,,
meghna_female_dress_pink_floral_short_dress,Pink Floral Short Dress,dress,dress,womens assets.zip,pink floral short dress.jpg,womens assets/dresses/pink floral short dress.jpg,female-assets/dress/pink_floral_short_dress.jpg,https://pub-43484c7ec0d741cabcac4df01e98344b.r2.dev/female-assets/dress/pink_floral_short_dress.jpg,false,,
meghna_female_dress_pink_orange_shaded_sequins_dress,Pink Orange Shaded Sequins Dress,dress,dress,womens assets.zip,pink orange shaded sequins dress.jpg,womens assets/dresses/pink orange shaded sequins dress.jpg,female-assets/dress/pink_orange_shaded_sequins_dress.jpg,https://pub-43484c7ec0d741cabcac4df01e98344b.r2.dev/female-assets/dress/pink_orange_shaded_sequins_dress.jpg,false,,
meghna_female_dress_pink_sequin_shaded_dress,Pink Sequin Shaded Dress,dress,dress,womens assets.zip,pink sequin shaded dress.jpg,womens assets/dresses/pink sequin shaded dress.jpg,female-assets/dress/pink_sequin_shaded_dress.jpg,https://pub-43484c7ec0d741cabcac4df01e98344b.r2.dev/female-assets/dress/pink_sequin_shaded_dress.jpg,false,,
meghna_female_dress_pink_sequins_jumpsuit,Pink Sequins Jumpsuit,dress,jumpsuit,womens assets.zip,pink sequins jumpsuit.jpg,womens assets/dresses/pink sequins jumpsuit.jpg,female-assets/dress/pink_sequins_jumpsuit.jpg,https://pub-43484c7ec0d741cabcac4df01e98344b.r2.dev/female-assets/dress/pink_sequins_jumpsuit.jpg,false,,
meghna_female_dress_pinksequinboatneckdress,Pinksequinboatneckdress,dress,dress,womens assets.zip,pinksequinboatneckdress.jpg,womens assets/dresses/pinksequinboatneckdress.jpg,female-assets/dress/pinksequinboatneckdress.jpg,https://pub-43484c7ec0d741cabcac4df01e98344b.r2.dev/female-assets/dress/pinksequinboatneckdress.jpg,false,,
meghna_female_dress_polkadotwhiteboatneckminidress,Polkadotwhiteboatneckminidress,dress,mini,womens assets.zip,polkadotwhiteboatneckminidress.jpg,womens assets/dresses/polkadotwhiteboatneckminidress.jpg,female-assets/dress/polkadotwhiteboatneckminidress.jpg,https://pub-43484c7ec0d741cabcac4df01e98344b.r2.dev/female-assets/dress/polkadotwhiteboatneckminidress.jpg,false,,
meghna_female_dress_purpleboatneckmidi,Purpleboatneckmidi,dress,midi,womens assets.zip,purpleboatneckmidi.jpg,womens assets/dresses/purpleboatneckmidi.jpg,female-assets/dress/purpleboatneckmidi.jpg,https://pub-43484c7ec0d741cabcac4df01e98344b.r2.dev/female-assets/dress/purpleboatneckmidi.jpg,false,,
meghna_female_dress_red_corset_strapless_faux_fur_midi_dress,Red Corset Strapless Faux Fur Midi Dress,dress,midi_dress,womens assets.zip,red corset strapless faux fur midi dress.jpg,womens assets/dresses/red corset strapless faux fur midi dress.jpg,female-assets/dress/red_corset_strapless_faux_fur_midi_dress.jpg,https://pub-43484c7ec0d741cabcac4df01e98344b.r2.dev/female-assets/dress/red_corset_strapless_faux_fur_midi_dress.jpg,false,,
meghna_female_dress_redginghamsweetheartshortdress,Redginghamsweetheartshortdress,dress,dress,womens assets.zip,redginghamsweetheartshortdress.jpg,womens assets/dresses/redginghamsweetheartshortdress.jpg,female-assets/dress/redginghamsweetheartshortdress.jpg,https://pub-43484c7ec0d741cabcac4df01e98344b.r2.dev/female-assets/dress/redginghamsweetheartshortdress.jpg,false,,
meghna_female_dress_redginghamvneckshortdress,Redginghamvneckshortdress,dress,dress,womens assets.zip,redginghamvneckshortdress.jpg,womens assets/dresses/redginghamvneckshortdress.jpg,female-assets/dress/redginghamvneckshortdress.jpg,https://pub-43484c7ec0d741cabcac4df01e98344b.r2.dev/female-assets/dress/redginghamvneckshortdress.jpg,false,,
meghna_female_dress_silver_shimmer_midi_dress,Silver Shimmer Midi Dress,dress,midi_dress,womens assets.zip,silver shimmer midi dress.jpg,womens assets/dresses/silver shimmer midi dress.jpg,female-assets/dress/silver_shimmer_midi_dress.jpg,https://pub-43484c7ec0d741cabcac4df01e98344b.r2.dev/female-assets/dress/silver_shimmer_midi_dress.jpg,false,,
meghna_female_dress_strapless_dress_pink_tie_die,Strapless Dress Pink Tie Die,dress,dress,womens assets.zip,strapless dress pink tie die.jpg,womens assets/dresses/strapless dress pink tie die.jpg,female-assets/dress/strapless_dress_pink_tie_die.jpg,https://pub-43484c7ec0d741cabcac4df01e98344b.r2.dev/female-assets/dress/strapless_dress_pink_tie_die.jpg,false,,
meghna_female_dress_stripesboatneckmidi,Stripesboatneckmidi,dress,midi,womens assets.zip,stripesboatneckmidi.jpg,womens assets/dresses/stripesboatneckmidi.jpg,female-assets/dress/stripesboatneckmidi.jpg,https://pub-43484c7ec0d741cabcac4df01e98344b.r2.dev/female-assets/dress/stripesboatneckmidi.jpg,false,,
meghna_female_dress_taupe_knit_dress,Taupe Knit Dress,dress,dress,womens assets.zip,Taupe Knit Dress.jfif,womens assets/dresses/Taupe Knit Dress.jfif,female-assets/dress/taupe_knit_dress.jpg,https://pub-43484c7ec0d741cabcac4df01e98344b.r2.dev/female-assets/dress/taupe_knit_dress.jpg,true,.jfif source -> .jpg target (R2 key is .jpg),
meghna_female_dress_whiteboatneckmidi,Whiteboatneckmidi,dress,midi,womens assets.zip,whiteboatneckmidi.jpg,womens assets/dresses/whiteboatneckmidi.jpg,female-assets/dress/whiteboatneckmidi.jpg,https://pub-43484c7ec0d741cabcac4df01e98344b.r2.dev/female-assets/dress/whiteboatneckmidi.jpg,false,,
meghna_female_dress_whitespagettistrappscalloplayerdress,Whitespagettistrappscalloplayerdress,dress,dress,womens assets.zip,whitespagettistrappscalloplayerdress.jpg,womens assets/dresses/whitespagettistrappscalloplayerdress.jpg,female-assets/dress/whitespagettistrappscalloplayerdress.jpg,https://pub-43484c7ec0d741cabcac4df01e98344b.r2.dev/female-assets/dress/whitespagettistrappscalloplayerdress.jpg,false,,
meghna_female_dress_yellow_midi_dress,Yellow Midi Dress,dress,midi_dress,womens assets.zip,yellow midi dress.jpg,womens assets/dresses/yellow midi dress.jpg,female-assets/dress/yellow_midi_dress.jpg,https://pub-43484c7ec0d741cabcac4df01e98344b.r2.dev/female-assets/dress/yellow_midi_dress.jpg,false,,
meghna_female_dress_yellowboatneckmidi,Yellowboatneckmidi,dress,midi,womens assets.zip,yellowboatneckmidi.jpg,womens assets/dresses/yellowboatneckmidi.jpg,female-assets/dress/yellowboatneckmidi.jpg,https://pub-43484c7ec0d741cabcac4df01e98344b.r2.dev/female-assets/dress/yellowboatneckmidi.jpg,false,,
meghna_female_dress_yellowsweetheartcorsetdress,Yellowsweetheartcorsetdress,dress,dress,womens assets.zip,yellowsweetheartcorsetdress.jpg,womens assets/dresses/yellowsweetheartcorsetdress.jpg,female-assets/dress/yellowsweetheartcorsetdress.jpg,https://pub-43484c7ec0d741cabcac4df01e98344b.r2.dev/female-assets/dress/yellowsweetheartcorsetdress.jpg,false,,
meghna_female_footwear_black_flat_sandals,Black Flat Sandals,footwear,sandal,womens assets.zip,black flat sandals.jpg,womens assets/footwear/black flat sandals.jpg,female-assets/footwear/black_flat_sandals.jpg,https://pub-43484c7ec0d741cabcac4df01e98344b.r2.dev/female-assets/footwear/black_flat_sandals.jpg,false,,
meghna_female_footwear_black_flip_flops,Black Flip Flops,footwear,,womens assets.zip,black flip flops.jpg,womens assets/footwear/black flip flops.jpg,female-assets/footwear/black_flip_flops.jpg,https://pub-43484c7ec0d741cabcac4df01e98344b.r2.dev/female-assets/footwear/black_flip_flops.jpg,false,,
meghna_female_footwear_black_heel,Black Heel,footwear,heel,womens assets.zip,black heel.jpg,womens assets/footwear/black heel.jpg,female-assets/footwear/black_heel.jpg,https://pub-43484c7ec0d741cabcac4df01e98344b.r2.dev/female-assets/footwear/black_heel.jpg,false,,
meghna_female_footwear_blacknikerunningshoe,Blacknikerunningshoe,footwear,,womens assets.zip,blacknikerunningshoe.jpg,womens assets/footwear/blacknikerunningshoe.jpg,female-assets/footwear/blacknikerunningshoe.jpg,https://pub-43484c7ec0d741cabcac4df01e98344b.r2.dev/female-assets/footwear/blacknikerunningshoe.jpg,false,,
meghna_female_footwear_blackrainboot,Blackrainboot,footwear,boot,womens assets.zip,blackrainboot.jpg,womens assets/footwear/blackrainboot.jpg,female-assets/footwear/blackrainboot.jpg,https://pub-43484c7ec0d741cabcac4df01e98344b.r2.dev/female-assets/footwear/blackrainboot.jpg,false,,
meghna_female_footwear_blckboots,Blckboots,footwear,boot,womens assets.zip,blckboots.jpg,womens assets/footwear/blckboots.jpg,female-assets/footwear/blckboots.jpg,https://pub-43484c7ec0d741cabcac4df01e98344b.r2.dev/female-assets/footwear/blckboots.jpg,false,,
meghna_female_footwear_brownbirkinstock,Brownbirkinstock,footwear,,womens assets.zip,brownbirkinstock.jpg,womens assets/footwear/brownbirkinstock.jpg,female-assets/footwear/brownbirkinstock.jpg,https://pub-43484c7ec0d741cabcac4df01e98344b.r2.dev/female-assets/footwear/brownbirkinstock.jpg,false,,
meghna_female_footwear_brownboots,Brownboots,footwear,boot,womens assets.zip,brownboots.jpg,womens assets/footwear/brownboots.jpg,female-assets/footwear/brownboots.jpg,https://pub-43484c7ec0d741cabcac4df01e98344b.r2.dev/female-assets/footwear/brownboots.jpg,false,,
meghna_female_footwear_conversesneakers,Conversesneakers,footwear,sneaker,womens assets.zip,conversesneakers.jpg,womens assets/footwear/conversesneakers.jpg,female-assets/footwear/conversesneakers.jpg,https://pub-43484c7ec0d741cabcac4df01e98344b.r2.dev/female-assets/footwear/conversesneakers.jpg,false,,
meghna_female_footwear_goldflatsandal,Goldflatsandal,footwear,sandal,womens assets.zip,goldflatsandal.jpg,womens assets/footwear/goldflatsandal.jpg,female-assets/footwear/goldflatsandal.jpg,https://pub-43484c7ec0d741cabcac4df01e98344b.r2.dev/female-assets/footwear/goldflatsandal.jpg,false,,
meghna_female_footwear_goldheel,Goldheel,footwear,heel,womens assets.zip,goldheel.jpg,womens assets/footwear/goldheel.jpg,female-assets/footwear/goldheel.jpg,https://pub-43484c7ec0d741cabcac4df01e98344b.r2.dev/female-assets/footwear/goldheel.jpg,false,,
meghna_female_footwear_kohlapuriwedge,Kohlapuriwedge,footwear,wedge,womens assets.zip,kohlapuriwedge.jpg,womens assets/footwear/kohlapuriwedge.jpg,female-assets/footwear/kohlapuriwedge.jpg,https://pub-43484c7ec0d741cabcac4df01e98344b.r2.dev/female-assets/footwear/kohlapuriwedge.jpg,false,,
meghna_female_footwear_silverheel,Silverheel,footwear,heel,womens assets.zip,silverheel.jpg,womens assets/footwear/silverheel.jpg,female-assets/footwear/silverheel.jpg,https://pub-43484c7ec0d741cabcac4df01e98344b.r2.dev/female-assets/footwear/silverheel.jpg,false,,
meghna_female_footwear_tan_flats,Tan Flats,footwear,flat,womens assets.zip,tan flats.jpg,womens assets/footwear/tan flats.jpg,female-assets/footwear/tan_flats.jpg,https://pub-43484c7ec0d741cabcac4df01e98344b.r2.dev/female-assets/footwear/tan_flats.jpg,false,,
meghna_female_footwear_white_sneaker,White Sneaker,footwear,sneaker,womens assets.zip,white sneaker.jpg,womens assets/footwear/white sneaker.jpg,female-assets/footwear/white_sneaker.jpg,https://pub-43484c7ec0d741cabcac4df01e98344b.r2.dev/female-assets/footwear/white_sneaker.jpg,false,,
meghna_female_footwear_whiteflipflop,Whiteflipflop,footwear,flipflop,womens assets.zip,whiteflipflop.jpg,womens assets/footwear/whiteflipflop.jpg,female-assets/footwear/whiteflipflop.jpg,https://pub-43484c7ec0d741cabcac4df01e98344b.r2.dev/female-assets/footwear/whiteflipflop.jpg,false,,
meghna_female_dress_offshoulder_burnt_red_gown,Offshoulder Burnt Red Gown,dress,gown,womens assets.zip,offshoulder burnt red gown.jpg,womens assets/gowns/offshoulder burnt red gown.jpg,female-assets/dress/offshoulder_burnt_red_gown.jpg,https://pub-43484c7ec0d741cabcac4df01e98344b.r2.dev/female-assets/dress/offshoulder_burnt_red_gown.jpg,false,,
meghna_female_dress_pastelpinkgown,Pastelpinkgown,dress,gown,womens assets.zip,pastelpinkgown.png,womens assets/gowns/pastelpinkgown.png,female-assets/dress/pastelpinkgown.jpg,https://pub-43484c7ec0d741cabcac4df01e98344b.r2.dev/female-assets/dress/pastelpinkgown.jpg,true,.png source -> .jpg target (R2 key is .jpg),
meghna_female_dress_red_faux_fur_dress,Red Faux Fur Dress,dress,dress,womens assets.zip,red faux fur dress.jpg,womens assets/gowns/red faux fur dress.jpg,female-assets/dress/red_faux_fur_dress.jpg,https://pub-43484c7ec0d741cabcac4df01e98344b.r2.dev/female-assets/dress/red_faux_fur_dress.jpg,false,,
meghna_female_accessory_black_bobbie_pins,Black Bobbie Pins,accessory,,womens assets.zip,black bobbie pins.jpg,womens assets/hair accessories/black bobbie pins.jpg,female-assets/accessory/black_bobbie_pins.jpg,https://pub-43484c7ec0d741cabcac4df01e98344b.r2.dev/female-assets/accessory/black_bobbie_pins.jpg,false,,
meghna_female_accessory_black_clip,Black Clip,accessory,,womens assets.zip,black clip.jpg,womens assets/hair accessories/black clip.jpg,female-assets/accessory/black_clip.jpg,https://pub-43484c7ec0d741cabcac4df01e98344b.r2.dev/female-assets/accessory/black_clip.jpg,false,,
meghna_female_accessory_black_scrunchie,Black Scrunchie,accessory,scrunchie,womens assets.zip,black scrunchie.jpg,womens assets/hair accessories/black scrunchie.jpg,female-assets/accessory/black_scrunchie.jpg,https://pub-43484c7ec0d741cabcac4df01e98344b.r2.dev/female-assets/accessory/black_scrunchie.jpg,false,,
meghna_female_accessory_black_tic_tac_clips,Black Tic Tac Clips,accessory,,womens assets.zip,black tic tac clips.jpg,womens assets/hair accessories/black tic tac clips.jpg,female-assets/accessory/black_tic_tac_clips.jpg,https://pub-43484c7ec0d741cabcac4df01e98344b.r2.dev/female-assets/accessory/black_tic_tac_clips.jpg,false,,
meghna_female_accessory_hair_dryer,Hair Dryer,accessory,,womens assets.zip,hair dryer.jpg,womens assets/hair accessories/hair dryer.jpg,female-assets/accessory/hair_dryer.jpg,https://pub-43484c7ec0d741cabcac4df01e98344b.r2.dev/female-assets/accessory/hair_dryer.jpg,false,,
meghna_female_accessory_hair_straightener,Hair Straightener,accessory,,womens assets.zip,hair straightener.jpg,womens assets/hair accessories/hair straightener.jpg,female-assets/accessory/hair_straightener.jpg,https://pub-43484c7ec0d741cabcac4df01e98344b.r2.dev/female-assets/accessory/hair_straightener.jpg,false,,
meghna_female_accessory_pink_cosmetic_bag,Pink Cosmetic Bag,accessory,bag,womens assets.zip,pink cosmetic bag.jpg,womens assets/hair accessories/pink cosmetic bag.jpg,female-assets/accessory/pink_cosmetic_bag.jpg,https://pub-43484c7ec0d741cabcac4df01e98344b.r2.dev/female-assets/accessory/pink_cosmetic_bag.jpg,false,,
meghna_female_accessory_pink_packing_cubes,Pink Packing Cubes,accessory,,womens assets.zip,pink packing cubes.jpg,womens assets/hair accessories/pink packing cubes.jpg,female-assets/accessory/pink_packing_cubes.jpg,https://pub-43484c7ec0d741cabcac4df01e98344b.r2.dev/female-assets/accessory/pink_packing_cubes.jpg,false,,
meghna_female_accessory_pink_travel_carry_on,Pink Travel Carry On,accessory,,womens assets.zip,pink travel carry on.jpg,womens assets/hair accessories/pink travel carry on.jpg,female-assets/accessory/pink_travel_carry_on.jpg,https://pub-43484c7ec0d741cabcac4df01e98344b.r2.dev/female-assets/accessory/pink_travel_carry_on.jpg,false,,
meghna_female_accessory_purple_packing_cubes,Purple Packing Cubes,accessory,,womens assets.zip,purple packing cubes.jpg,womens assets/hair accessories/purple packing cubes.jpg,female-assets/accessory/purple_packing_cubes.jpg,https://pub-43484c7ec0d741cabcac4df01e98344b.r2.dev/female-assets/accessory/purple_packing_cubes.jpg,false,,
meghna_female_accessory_travel_containers,Travel Containers,accessory,,womens assets.zip,travel containers.jpg,womens assets/hair accessories/travel containers.jpg,female-assets/accessory/travel_containers.jpg,https://pub-43484c7ec0d741cabcac4df01e98344b.r2.dev/female-assets/accessory/travel_containers.jpg,false,,
meghna_female_accessory_brown_cap,Brown Cap,accessory,,womens assets.zip,brown cap.jpg,womens assets/hats/brown cap.jpg,female-assets/accessory/brown_cap.jpg,https://pub-43484c7ec0d741cabcac4df01e98344b.r2.dev/female-assets/accessory/brown_cap.jpg,false,,
meghna_female_accessory_burgundy_straw_hat,Burgundy Straw Hat,accessory,hat,womens assets.zip,burgundy straw hat.jpg,womens assets/hats/burgundy straw hat.jpg,female-assets/accessory/burgundy_straw_hat.jpg,https://pub-43484c7ec0d741cabcac4df01e98344b.r2.dev/female-assets/accessory/burgundy_straw_hat.jpg,false,,
meghna_female_accessory_cream_hat,Cream Hat,accessory,hat,womens assets.zip,cream hat.jpg,womens assets/hats/cream hat.jpg,female-assets/accessory/cream_hat.jpg,https://pub-43484c7ec0d741cabcac4df01e98344b.r2.dev/female-assets/accessory/cream_hat.jpg,false,,
meghna_female_accessory_black_and_white_rings,Black And White Rings,accessory,,womens assets.zip,black and white rings.jpg,womens assets/jewellery/black and white rings.jpg,female-assets/accessory/black_and_white_rings.jpg,https://pub-43484c7ec0d741cabcac4df01e98344b.r2.dev/female-assets/accessory/black_and_white_rings.jpg,false,,
meghna_female_ethnic_greenbrocadepinksleevelesskurtaset,Greenbrocadepinksleevelesskurtaset,ethnic,kurtaset,womens assets.zip,greenbrocadepinksleevelesskurtaset.jpg,womens assets/kurtasets/greenbrocadepinksleevelesskurtaset.jpg,female-assets/ethnic/greenbrocadepinksleevelesskurtaset.jpg,https://pub-43484c7ec0d741cabcac4df01e98344b.r2.dev/female-assets/ethnic/greenbrocadepinksleevelesskurtaset.jpg,false,,
meghna_female_ethnic_purplebandhanipinkspagettistrapkurtaset,Purplebandhanipinkspagettistrapkurtaset,ethnic,kurtaset,womens assets.zip,purplebandhanipinkspagettistrapkurtaset.jpg,womens assets/kurtasets/purplebandhanipinkspagettistrapkurtaset.jpg,female-assets/ethnic/purplebandhanipinkspagettistrapkurtaset.jpg,https://pub-43484c7ec0d741cabcac4df01e98344b.r2.dev/female-assets/ethnic/purplebandhanipinkspagettistrapkurtaset.jpg,false,,
meghna_female_ethnic_yellowsleevelesskurtaset,Yellowsleevelesskurtaset,ethnic,kurtaset,womens assets.zip,yellowsleevelesskurtaset.jpg,womens assets/kurtasets/yellowsleevelesskurtaset.jpg,female-assets/ethnic/yellowsleevelesskurtaset.jpg,https://pub-43484c7ec0d741cabcac4df01e98344b.r2.dev/female-assets/ethnic/yellowsleevelesskurtaset.jpg,false,,
meghna_female_ethnic_pink_kurti_top,Pink Kurti Top,ethnic,kurti,womens assets.zip,pink kurti top.jpg,womens assets/kurti top/pink kurti top.jpg,female-assets/ethnic/pink_kurti_top.jpg,https://pub-43484c7ec0d741cabcac4df01e98344b.r2.dev/female-assets/ethnic/pink_kurti_top.jpg,false,,
meghna_female_ethnic_yellow_kurti_top,Yellow Kurti Top,ethnic,kurti,womens assets.zip,yellow kurti top.png,womens assets/kurti top/yellow kurti top.png,female-assets/ethnic/yellow_kurti_top.jpg,https://pub-43484c7ec0d741cabcac4df01e98344b.r2.dev/female-assets/ethnic/yellow_kurti_top.jpg,true,.png source -> .jpg target (R2 key is .jpg),
meghna_female_top_yellowmirrorworkspagettistraptop,Yellowmirrorworkspagettistraptop,top,,womens assets.zip,yellowmirrorworkspagettistraptop.jpg,womens assets/kurti top/yellowmirrorworkspagettistraptop.jpg,female-assets/top/yellowmirrorworkspagettistraptop.jpg,https://pub-43484c7ec0d741cabcac4df01e98344b.r2.dev/female-assets/top/yellowmirrorworkspagettistraptop.jpg,false,,
meghna_female_ethnic_black_and_gold_lehenga,Black And Gold Lehenga,ethnic,lehenga,womens assets.zip,black and gold lehenga.jpg,womens assets/lehengas/black and gold lehenga.jpg,female-assets/ethnic/black_and_gold_lehenga.jpg,https://pub-43484c7ec0d741cabcac4df01e98344b.r2.dev/female-assets/ethnic/black_and_gold_lehenga.jpg,false,,
meghna_female_ethnic_bluegoldembroidaryoffshoulderlehenga,Bluegoldembroidaryoffshoulderlehenga,ethnic,lehenga,womens assets.zip,bluegoldembroidaryoffshoulderlehenga.jpg,womens assets/lehengas/bluegoldembroidaryoffshoulderlehenga.jpg,female-assets/ethnic/bluegoldembroidaryoffshoulderlehenga.jpg,https://pub-43484c7ec0d741cabcac4df01e98344b.r2.dev/female-assets/ethnic/bluegoldembroidaryoffshoulderlehenga.jpg,false,,
meghna_female_ethnic_chiliredsleevelesslehenga,Chiliredsleevelesslehenga,ethnic,lehenga,womens assets.zip,chiliredsleevelesslehenga.jpg,womens assets/lehengas/chiliredsleevelesslehenga.jpg,female-assets/ethnic/chiliredsleevelesslehenga.jpg,https://pub-43484c7ec0d741cabcac4df01e98344b.r2.dev/female-assets/ethnic/chiliredsleevelesslehenga.jpg,false,,
meghna_female_ethnic_dark_blue_lehenga,Dark Blue Lehenga,ethnic,lehenga,womens assets.zip,dark blue lehenga.jpg,womens assets/lehengas/dark blue lehenga.jpg,female-assets/ethnic/dark_blue_lehenga.jpg,https://pub-43484c7ec0d741cabcac4df01e98344b.r2.dev/female-assets/ethnic/dark_blue_lehenga.jpg,false,,
meghna_female_ethnic_loive_green_lehenga,Loive Green Lehenga,ethnic,lehenga,womens assets.zip,loive green lehenga.jpg,womens assets/lehengas/loive green lehenga.jpg,female-assets/ethnic/loive_green_lehenga.jpg,https://pub-43484c7ec0d741cabcac4df01e98344b.r2.dev/female-assets/ethnic/loive_green_lehenga.jpg,false,,
meghna_female_ethnic_pale_pink_lehenga,Pale Pink Lehenga,ethnic,lehenga,womens assets.zip,pale pink lehenga.jpg,womens assets/lehengas/pale pink lehenga.jpg,female-assets/ethnic/pale_pink_lehenga.jpg,https://pub-43484c7ec0d741cabcac4df01e98344b.r2.dev/female-assets/ethnic/pale_pink_lehenga.jpg,false,,
meghna_female_ethnic_red_lehenga,Red Lehenga,ethnic,lehenga,womens assets.zip,red lehenga.jpg,womens assets/lehengas/red lehenga.jpg,female-assets/ethnic/red_lehenga.jpg,https://pub-43484c7ec0d741cabcac4df01e98344b.r2.dev/female-assets/ethnic/red_lehenga.jpg,false,,
meghna_female_ethnic_yellow_lehenga,Yellow Lehenga,ethnic,lehenga,womens assets.zip,yellow lehenga.jpg,womens assets/lehengas/yellow lehenga.jpg,female-assets/ethnic/yellow_lehenga.jpg,https://pub-43484c7ec0d741cabcac4df01e98344b.r2.dev/female-assets/ethnic/yellow_lehenga.jpg,false,,
meghna_female_outerwear_beige_fur_coat,Beige Fur Coat,outerwear,coat,womens assets.zip,beige fur coat.jpg,womens assets/outer wear/beige fur coat.jpg,female-assets/outerwear/beige_fur_coat.jpg,https://pub-43484c7ec0d741cabcac4df01e98344b.r2.dev/female-assets/outerwear/beige_fur_coat.jpg,false,,
meghna_female_outerwear_black_blazer,Black Blazer,outerwear,blazer,womens assets.zip,Black Blazer.jfif,womens assets/outer wear/Black Blazer.jfif,female-assets/outerwear/black_blazer.jpg,https://pub-43484c7ec0d741cabcac4df01e98344b.r2.dev/female-assets/outerwear/black_blazer.jpg,true,.jfif source -> .jpg target (R2 key is .jpg),
meghna_female_outerwear_black_leather_biker_jacket,Black Leather Biker Jacket,outerwear,jacket,womens assets.zip,black leather biker jacket.jpg,womens assets/outer wear/black leather biker jacket.jpg,female-assets/outerwear/black_leather_biker_jacket.jpg,https://pub-43484c7ec0d741cabcac4df01e98344b.r2.dev/female-assets/outerwear/black_leather_biker_jacket.jpg,false,,
meghna_female_outerwear_black_leat_2,Black Leather Jacket,outerwear,jacket,womens assets.zip,black leather jacket.jpg,womens assets/outer wear/black leather jacket.jpg,female-assets/outerwear/black_leather_jacket.jpg,https://pub-43484c7ec0d741cabcac4df01e98344b.r2.dev/female-assets/outerwear/black_leather_jacket.jpg,false,,
meghna_female_outerwear_black_trench_coat,Black Trench Coat,outerwear,coat,womens assets.zip,black trench coat.jpg,womens assets/outer wear/black trench coat.jpg,female-assets/outerwear/black_trench_coat.jpg,https://pub-43484c7ec0d741cabcac4df01e98344b.r2.dev/female-assets/outerwear/black_trench_coat.jpg,false,,
meghna_female_outerwear_brown_suede_biker_jacket,Brown Suede Biker Jacket,outerwear,jacket,womens assets.zip,brown suede biker jacket.jpg,womens assets/outer wear/brown suede biker jacket.jpg,female-assets/outerwear/brown_suede_biker_jacket.jpg,https://pub-43484c7ec0d741cabcac4df01e98344b.r2.dev/female-assets/outerwear/brown_suede_biker_jacket.jpg,false,,
meghna_female_outerwear_cream_blazer,Cream Blazer,outerwear,blazer,womens assets.zip,Cream Blazer.jfif,womens assets/outer wear/Cream Blazer.jfif,female-assets/outerwear/cream_blazer.jpg,https://pub-43484c7ec0d741cabcac4df01e98344b.r2.dev/female-assets/outerwear/cream_blazer.jpg,true,.jfif source -> .jpg target (R2 key is .jpg),
meghna_female_outerwear_dark_blue_denim_jacket,Dark Blue Denim Jacket,outerwear,jacket,womens assets.zip,dark blue denim jacket.jpg,womens assets/outer wear/dark blue denim jacket.jpg,female-assets/outerwear/dark_blue_denim_jacket.jpg,https://pub-43484c7ec0d741cabcac4df01e98344b.r2.dev/female-assets/outerwear/dark_blue_denim_jacket.jpg,false,,
meghna_female_outerwear_fur_coat_brown,Fur Coat Brown,outerwear,coat,womens assets.zip,fur coat brown.jpg,womens assets/outer wear/fur coat brown.jpg,female-assets/outerwear/fur_coat_brown.jpg,https://pub-43484c7ec0d741cabcac4df01e98344b.r2.dev/female-assets/outerwear/fur_coat_brown.jpg,false,,
meghna_female_outerwear_grey_wool_blazer,Grey Wool Blazer,outerwear,blazer,womens assets.zip,Grey Wool Blazer.jfif,womens assets/outer wear/Grey Wool Blazer.jfif,female-assets/outerwear/grey_wool_blazer.jpg,https://pub-43484c7ec0d741cabcac4df01e98344b.r2.dev/female-assets/outerwear/grey_wool_blazer.jpg,true,.jfif source -> .jpg target (R2 key is .jpg),
meghna_female_outerwear_light_blue_denim_jacket,Light Blue Denim Jacket,outerwear,jacket,womens assets.zip,light blue denim jacket.jpg,womens assets/outer wear/light blue denim jacket.jpg,female-assets/outerwear/light_blue_denim_jacket.jpg,https://pub-43484c7ec0d741cabcac4df01e98344b.r2.dev/female-assets/outerwear/light_blue_denim_jacket.jpg,false,,
meghna_female_outerwear_medium_blue_denim_jacket,Medium Blue Denim Jacket,outerwear,jacket,womens assets.zip,medium blue denim jacket.jpg,womens assets/outer wear/medium blue denim jacket.jpg,female-assets/outerwear/medium_blue_denim_jacket.jpg,https://pub-43484c7ec0d741cabcac4df01e98344b.r2.dev/female-assets/outerwear/medium_blue_denim_jacket.jpg,false,,
meghna_female_outerwear_polka_dot_puffer_jacket,Polka Dot Puffer Jacket,outerwear,jacket,womens assets.zip,polka dot puffer jacket.jpg,womens assets/outer wear/polka dot puffer jacket.jpg,female-assets/outerwear/polka_dot_puffer_jacket.jpg,https://pub-43484c7ec0d741cabcac4df01e98344b.r2.dev/female-assets/outerwear/polka_dot_puffer_jacket.jpg,false,,
meghna_female_outerwear_tan_suede_jacket,Tan Suede Jacket,outerwear,jacket,womens assets.zip,tan suede jacket.jpg,womens assets/outer wear/tan suede jacket.jpg,female-assets/outerwear/tan_suede_jacket.jpg,https://pub-43484c7ec0d741cabcac4df01e98344b.r2.dev/female-assets/outerwear/tan_suede_jacket.jpg,false,,
meghna_female_outerwear_white_and_black_polka_dot_jacket,White And Black Polka Dot Jacket,outerwear,jacket,womens assets.zip,white and black polka dot jacket.jpg,womens assets/outer wear/white and black polka dot jacket.jpg,female-assets/outerwear/white_and_black_polka_dot_jacket.jpg,https://pub-43484c7ec0d741cabcac4df01e98344b.r2.dev/female-assets/outerwear/white_and_black_polka_dot_jacket.jpg,false,,
meghna_female_ethnic_blue_and_white_shaded_saree,Blue And White Shaded Saree,ethnic,saree,womens assets.zip,blue and white shaded saree.jpg,womens assets/saree/blue and white shaded saree.jpg,female-assets/ethnic/blue_and_white_shaded_saree.jpg,https://pub-43484c7ec0d741cabcac4df01e98344b.r2.dev/female-assets/ethnic/blue_and_white_shaded_saree.jpg,false,,
meghna_female_ethnic_bluelehengawithgoldembroidaryblousesleeveless,Bluelehengawithgoldembroidaryblousesleeveless,ethnic,lehenga,womens assets.zip,bluelehengawithgoldembroidaryblousesleeveless.jpg,womens assets/saree/bluelehengawithgoldembroidaryblousesleeveless.jpg,female-assets/ethnic/bluelehengawithgoldembroidaryblousesleeveless.jpg,https://pub-43484c7ec0d741cabcac4df01e98344b.r2.dev/female-assets/ethnic/bluelehengawithgoldembroidaryblousesleeveless.jpg,false,,
meghna_female_ethnic_dark_green_saee,Dark Green Saee,ethnic,,womens assets.zip,dark green saee.jpg,womens assets/saree/dark green saee.jpg,female-assets/ethnic/dark_green_saee.jpg,https://pub-43484c7ec0d741cabcac4df01e98344b.r2.dev/female-assets/ethnic/dark_green_saee.jpg,false,,
meghna_female_ethnic_gold_embroidered_cocktail_saree,Gold Embroidered Cocktail Saree,ethnic,saree,womens assets.zip,gold embroidered cocktail saree.jpg,womens assets/saree/gold embroidered cocktail saree.jpg,female-assets/ethnic/gold_embroidered_cocktail_saree.jpg,https://pub-43484c7ec0d741cabcac4df01e98344b.r2.dev/female-assets/ethnic/gold_embroidered_cocktail_saree.jpg,false,,
meghna_female_ethnic_laender_pastel_saree,Laender Pastel Saree,ethnic,saree,womens assets.zip,laender pastel saree.png,womens assets/saree/laender pastel saree.png,female-assets/ethnic/laender_pastel_saree.jpg,https://pub-43484c7ec0d741cabcac4df01e98344b.r2.dev/female-assets/ethnic/laender_pastel_saree.jpg,true,.png source -> .jpg target (R2 key is .jpg),
meghna_female_ethnic_lavender_saree,Lavender Saree,ethnic,saree,womens assets.zip,lavender saree.jpg,womens assets/saree/lavender saree.jpg,female-assets/ethnic/lavender_saree.jpg,https://pub-43484c7ec0d741cabcac4df01e98344b.r2.dev/female-assets/ethnic/lavender_saree.jpg,false,,
meghna_female_ethnic_light_blue_tissue_saee,Light Blue Tissue Saee,ethnic,,womens assets.zip,light blue tissue saee.jpg,womens assets/saree/light blue tissue saee.jpg,female-assets/ethnic/light_blue_tissue_saee.jpg,https://pub-43484c7ec0d741cabcac4df01e98344b.r2.dev/female-assets/ethnic/light_blue_tissue_saee.jpg,false,,
meghna_female_ethnic_light_green_saree,Light Green Saree,ethnic,saree,womens assets.zip,light green saree.jpg,womens assets/saree/light green saree.jpg,female-assets/ethnic/light_green_saree.jpg,https://pub-43484c7ec0d741cabcac4df01e98344b.r2.dev/female-assets/ethnic/light_green_saree.jpg,false,,
meghna_female_ethnic_maroon_velvet_saree,Maroon Velvet Saree,ethnic,saree,womens assets.zip,maroon velvet saree.jpg,womens assets/saree/maroon velvet saree.jpg,female-assets/ethnic/maroon_velvet_saree.jpg,https://pub-43484c7ec0d741cabcac4df01e98344b.r2.dev/female-assets/ethnic/maroon_velvet_saree.jpg,false,,
meghna_female_ethnic_offshoulderblousebluesaree,Offshoulderblousebluesaree,ethnic,saree,womens assets.zip,offshoulderblousebluesaree.jpg,womens assets/saree/offshoulderblousebluesaree.jpg,female-assets/ethnic/offshoulderblousebluesaree.jpg,https://pub-43484c7ec0d741cabcac4df01e98344b.r2.dev/female-assets/ethnic/offshoulderblousebluesaree.jpg,false,,
meghna_female_ethnic_orange_saree,Orange Saree,ethnic,saree,womens assets.zip,orange saree.jpg,womens assets/saree/orange saree.jpg,female-assets/ethnic/orange_saree.jpg,https://pub-43484c7ec0d741cabcac4df01e98344b.r2.dev/female-assets/ethnic/orange_saree.jpg,false,,
meghna_female_ethnic_pastel_pink_saee,Pastel Pink Saee,ethnic,,womens assets.zip,pastel pink saee.png,womens assets/saree/pastel pink saee.png,female-assets/ethnic/pastel_pink_saee.jpg,https://pub-43484c7ec0d741cabcac4df01e98344b.r2.dev/female-assets/ethnic/pastel_pink_saee.jpg,true,.png source -> .jpg target (R2 key is .jpg),
meghna_female_ethnic_peacock_blue_cocktail_saree,Peacock Blue Cocktail Saree,ethnic,saree,womens assets.zip,peacock blue cocktail saree.jpg,womens assets/saree/peacock blue cocktail saree.jpg,female-assets/ethnic/peacock_blue_cocktail_saree.jpg,https://pub-43484c7ec0d741cabcac4df01e98344b.r2.dev/female-assets/ethnic/peacock_blue_cocktail_saree.jpg,false,,
meghna_female_ethnic_greenshararaworkset,Greenshararaworkset,ethnic,sharara,womens assets.zip,greenshararaworkset.jpg,womens assets/sharara/greenshararaworkset.jpg,female-assets/ethnic/greenshararaworkset.jpg,https://pub-43484c7ec0d741cabcac4df01e98344b.r2.dev/female-assets/ethnic/greenshararaworkset.jpg,false,,
meghna_female_ethnic_light_blue_sharara,Light Blue Sharara,ethnic,sharara,womens assets.zip,light blue sharara.jpg,womens assets/sharara/light blue sharara.jpg,female-assets/ethnic/light_blue_sharara.jpg,https://pub-43484c7ec0d741cabcac4df01e98344b.r2.dev/female-assets/ethnic/light_blue_sharara.jpg,false,,
meghna_female_ethnic_lime_green_sharara,Lime Green Sharara,ethnic,sharara,womens assets.zip,lime green sharara.jpg,womens assets/sharara/lime green sharara.jpg,female-assets/ethnic/lime_green_sharara.jpg,https://pub-43484c7ec0d741cabcac4df01e98344b.r2.dev/female-assets/ethnic/lime_green_sharara.jpg,false,,
meghna_female_ethnic_red_sharara_set,Red Sharara Set,ethnic,sharara,womens assets.zip,red sharara set.jpg,womens assets/sharara/red sharara set.jpg,female-assets/ethnic/red_sharara_set.jpg,https://pub-43484c7ec0d741cabcac4df01e98344b.r2.dev/female-assets/ethnic/red_sharara_set.jpg,false,,
meghna_female_ethnic_red_sharara,Red Sharara,ethnic,sharara,womens assets.zip,red sharara.jpg,womens assets/sharara/red sharara.jpg,female-assets/ethnic/red_sharara.jpg,https://pub-43484c7ec0d741cabcac4df01e98344b.r2.dev/female-assets/ethnic/red_sharara.jpg,false,,
meghna_female_bottom_pantyliner,Pantyliner,bottom,pant,womens assets.zip,pantyliner.jpg,womens assets/skincare/pantyliner.jpg,female-assets/bottom/pantyliner.jpg,https://pub-43484c7ec0d741cabcac4df01e98344b.r2.dev/female-assets/bottom/pantyliner.jpg,false,,
meghna_female_accessory_puffyhairband,Puffyhairband,accessory,hairband,womens assets.zip,puffyhairband.jpg,womens assets/skincare/puffyhairband.jpg,female-assets/accessory/puffyhairband.jpg,https://pub-43484c7ec0d741cabcac4df01e98344b.r2.dev/female-assets/accessory/puffyhairband.jpg,false,,
meghna_female_accessory_walletdinor,Walletdinor,accessory,wallet,womens assets.zip,walletdinor.jpg,womens assets/skincare/walletdinor.jpg,female-assets/accessory/walletdinor.jpg,https://pub-43484c7ec0d741cabcac4df01e98344b.r2.dev/female-assets/accessory/walletdinor.jpg,false,,
meghna_female_accessory_brown_cat_eye_sunglasses,Brown Cat Eye Sunglasses,accessory,sunglass,womens assets.zip,brown cat eye sunglasses.jpg,womens assets/sunglasses/brown cat eye sunglasses.jpg,female-assets/accessory/brown_cat_eye_sunglasses.jpg,https://pub-43484c7ec0d741cabcac4df01e98344b.r2.dev/female-assets/accessory/brown_cat_eye_sunglasses.jpg,false,,
meghna_female_accessory_brown_sunglasses,Brown Sunglasses,accessory,sunglass,womens assets.zip,brown sunglasses.jpg,womens assets/sunglasses/brown sunglasses.jpg,female-assets/accessory/brown_sunglasses.jpg,https://pub-43484c7ec0d741cabcac4df01e98344b.r2.dev/female-assets/accessory/brown_sunglasses.jpg,false,,
meghna_female_top_black_and_blue_bralette_top,Black And Blue Bralette Top,top,,womens assets.zip,black and blue bralette top.jpg,womens assets/tops/black and blue bralette top.jpg,female-assets/top/black_and_blue_bralette_top.jpg,https://pub-43484c7ec0d741cabcac4df01e98344b.r2.dev/female-assets/top/black_and_blue_bralette_top.jpg,false,,
meghna_female_top_black_and_white_stripe_tshirt,Black And White Stripe Tshirt,top,shirt,womens assets.zip,black and white stripe tshirt.jpg,womens assets/tops/black and white stripe tshirt.jpg,female-assets/top/black_and_white_stripe_tshirt.jpg,https://pub-43484c7ec0d741cabcac4df01e98344b.r2.dev/female-assets/top/black_and_white_stripe_tshirt.jpg,false,,
meghna_female_top_black_bandau_top,Black Bandau Top,top,,womens assets.zip,black bandau top.jpg,womens assets/tops/black bandau top.jpg,female-assets/top/black_bandau_top.jpg,https://pub-43484c7ec0d741cabcac4df01e98344b.r2.dev/female-assets/top/black_bandau_top.jpg,false,,
meghna_female_accessory_black_fringe_leather_top,Black Fringe Leather Top,accessory,,womens assets.zip,black fringe leather top.jpg,womens assets/tops/black fringe leather top.jpg,female-assets/accessory/black_fringe_leather_top.jpg,https://pub-43484c7ec0d741cabcac4df01e98344b.r2.dev/female-assets/accessory/black_fringe_leather_top.jpg,false,,
meghna_female_top_black_sequin_top,Black Sequin Top,top,,womens assets.zip,black sequin top.jpg,womens assets/tops/black sequin top.jpg,female-assets/top/black_sequin_top.jpg,https://pub-43484c7ec0d741cabcac4df01e98344b.r2.dev/female-assets/top/black_sequin_top.jpg,false,,
meghna_female_top_blacktop,Blacktop,top,,womens assets.zip,blacktop.jpg,womens assets/tops/blacktop.jpg,female-assets/top/blacktop.jpg,https://pub-43484c7ec0d741cabcac4df01e98344b.r2.dev/female-assets/top/blacktop.jpg,false,,
meghna_female_top_brown_sports_vest_top,Brown Sports Vest Top,top,,womens assets.zip,brown sports vest top.jpg,womens assets/tops/brown sports vest top.jpg,female-assets/top/brown_sports_vest_top.jpg,https://pub-43484c7ec0d741cabcac4df01e98344b.r2.dev/female-assets/top/brown_sports_vest_top.jpg,false,,
meghna_female_top_browntop,Browntop,top,,womens assets.zip,browntop.jpg,womens assets/tops/browntop.jpg,female-assets/top/browntop.jpg,https://pub-43484c7ec0d741cabcac4df01e98344b.r2.dev/female-assets/top/browntop.jpg,false,,
meghna_female_top_burnt_red_sports_vest_top,Burnt Red Sports Vest Top,top,,womens assets.zip,burnt red sports vest top.jpg,womens assets/tops/burnt red sports vest top.jpg,female-assets/top/burnt_red_sports_vest_top.jpg,https://pub-43484c7ec0d741cabcac4df01e98344b.r2.dev/female-assets/top/burnt_red_sports_vest_top.jpg,false,,
meghna_female_top_cream_top,Cream Top,top,,womens assets.zip,cream top.jpg,womens assets/tops/cream top.jpg,female-assets/top/cream_top.jpg,https://pub-43484c7ec0d741cabcac4df01e98344b.r2.dev/female-assets/top/cream_top.jpg,false,,
meghna_female_top_creamcrewneck,Creamcrewneck,top,,womens assets.zip,creamcrewneck.jfif,womens assets/tops/creamcrewneck.jfif,female-assets/top/creamcrewneck.jpg,https://pub-43484c7ec0d741cabcac4df01e98344b.r2.dev/female-assets/top/creamcrewneck.jpg,true,.jfif source -> .jpg target (R2 key is .jpg),
meghna_female_top_creamknittop,Creamknittop,top,knit,womens assets.zip,creamknittop.jfif,womens assets/tops/creamknittop.jfif,female-assets/top/creamknittop.jpg,https://pub-43484c7ec0d741cabcac4df01e98344b.r2.dev/female-assets/top/creamknittop.jpg,true,.jfif source -> .jpg target (R2 key is .jpg),
meghna_female_top_creamtank,Creamtank,top,tank,womens assets.zip,creamtank.jfif,womens assets/tops/creamtank.jfif,female-assets/top/creamtank.jpg,https://pub-43484c7ec0d741cabcac4df01e98344b.r2.dev/female-assets/top/creamtank.jpg,true,.jfif source -> .jpg target (R2 key is .jpg),
meghna_female_top_dark_blue_tshirt,Dark Blue Tshirt,top,shirt,womens assets.zip,dark blue tshirt.jpg,womens assets/tops/dark blue tshirt.jpg,female-assets/top/dark_blue_tshirt.jpg,https://pub-43484c7ec0d741cabcac4df01e98344b.r2.dev/female-assets/top/dark_blue_tshirt.jpg,false,,
meghna_female_top_electric_blue_tshirt,Electric Blue Tshirt,top,shirt,womens assets.zip,electric blue tshirt.jpg,womens assets/tops/electric blue tshirt.jpg,female-assets/top/electric_blue_tshirt.jpg,https://pub-43484c7ec0d741cabcac4df01e98344b.r2.dev/female-assets/top/electric_blue_tshirt.jpg,false,,
meghna_female_top_floral_top,Floral Top,top,,womens assets.zip,floral top.jpg,womens assets/tops/floral top.jpg,female-assets/top/floral_top.jpg,https://pub-43484c7ec0d741cabcac4df01e98344b.r2.dev/female-assets/top/floral_top.jpg,false,,
meghna_female_top_gingem_blue_spagetti_strap_top,Gingem Blue Spagetti Strap Top,top,,womens assets.zip,gingem blue spagetti strap top.jpg,womens assets/tops/gingem blue spagetti strap top.jpg,female-assets/top/gingem_blue_spagetti_strap_top.jpg,https://pub-43484c7ec0d741cabcac4df01e98344b.r2.dev/female-assets/top/gingem_blue_spagetti_strap_top.jpg,false,,
meghna_female_top_greyfineknittop,Greyfineknittop,top,knit,womens assets.zip,greyfineknittop.jfif,womens assets/tops/greyfineknittop.jfif,female-assets/top/greyfineknittop.jpg,https://pub-43484c7ec0d741cabcac4df01e98344b.r2.dev/female-assets/top/greyfineknittop.jpg,true,.jfif source -> .jpg target (R2 key is .jpg),
meghna_female_top_leather_black_top,Leather Black Top,top,,womens assets.zip,leather black top.jpg,womens assets/tops/leather black top.jpg,female-assets/top/leather_black_top.jpg,https://pub-43484c7ec0d741cabcac4df01e98344b.r2.dev/female-assets/top/leather_black_top.jpg,false,,
meghna_female_top_light_blue_gingem_one_shoulder_top,Light Blue Gingem One Shoulder Top,top,,womens assets.zip,light blue gingem one shoulder top.png,womens assets/tops/light blue gingem one shoulder top.png,female-assets/top/light_blue_gingem_one_shoulder_top.jpg,https://pub-43484c7ec0d741cabcac4df01e98344b.r2.dev/female-assets/top/light_blue_gingem_one_shoulder_top.jpg,true,.png source -> .jpg target (R2 key is .jpg),
meghna_female_top_light_pink_off_shoulder_top,Light Pink Off Shoulder Top,top,,womens assets.zip,light pink off shoulder top.jpg,womens assets/tops/light pink off shoulder top.jpg,female-assets/top/light_pink_off_shoulder_top.jpg,https://pub-43484c7ec0d741cabcac4df01e98344b.r2.dev/female-assets/top/light_pink_off_shoulder_top.jpg,false,,
meghna_female_top_light_pink_swquin_top_sleeveless,Light Pink Swquin Top Sleeveless,top,,womens assets.zip,light pink swquin top sleeveless.jpg,womens assets/tops/light pink swquin top sleeveless.jpg,female-assets/top/light_pink_swquin_top_sleeveless.jpg,https://pub-43484c7ec0d741cabcac4df01e98344b.r2.dev/female-assets/top/light_pink_swquin_top_sleeveless.jpg,false,,
meghna_female_top_light_pink_tshirt,Light Pink Tshirt,top,shirt,womens assets.zip,light pink tshirt.jpg,womens assets/tops/light pink tshirt.jpg,female-assets/top/light_pink_tshirt.jpg,https://pub-43484c7ec0d741cabcac4df01e98344b.r2.dev/female-assets/top/light_pink_tshirt.jpg,false,,
meghna_female_top_lightblueshirt,Lightblueshirt,top,shirt,womens assets.zip,lightblueshirt.jfif,womens assets/tops/lightblueshirt.jfif,female-assets/top/lightblueshirt.jpg,https://pub-43484c7ec0d741cabcac4df01e98344b.r2.dev/female-assets/top/lightblueshirt.jpg,true,.jfif source -> .jpg target (R2 key is .jpg),
meghna_female_top_orange_tshirt,Orange Tshirt,top,shirt,womens assets.zip,orange tshirt.jpg,womens assets/tops/orange tshirt.jpg,female-assets/top/orange_tshirt.jpg,https://pub-43484c7ec0d741cabcac4df01e98344b.r2.dev/female-assets/top/orange_tshirt.jpg,false,,
meghna_female_top_orangetop,Orangetop,top,,womens assets.zip,orangetop.jpg,womens assets/tops/orangetop.jpg,female-assets/top/orangetop.jpg,https://pub-43484c7ec0d741cabcac4df01e98344b.r2.dev/female-assets/top/orangetop.jpg,false,,
meghna_female_accessory_silver_fringe_top,Silver Fringe Top,accessory,,womens assets.zip,silver fringe top.jpg,womens assets/tops/silver fringe top.jpg,female-assets/accessory/silver_fringe_top.jpg,https://pub-43484c7ec0d741cabcac4df01e98344b.r2.dev/female-assets/accessory/silver_fringe_top.jpg,false,,
meghna_female_top_white_bow_top,White Bow Top,top,,womens assets.zip,white bow top.jpg,womens assets/tops/white bow top.jpg,female-assets/top/white_bow_top.jpg,https://pub-43484c7ec0d741cabcac4df01e98344b.r2.dev/female-assets/top/white_bow_top.jpg,false,,
meghna_female_top_white_spagetti_strap_top,White Spagetti Strap Top,top,,womens assets.zip,white spagetti strap top.jpg,womens assets/tops/white spagetti strap top.jpg,female-assets/top/white_spagetti_strap_top.jpg,https://pub-43484c7ec0d741cabcac4df01e98344b.r2.dev/female-assets/top/white_spagetti_strap_top.jpg,false,,
meghna_female_top_whitecrewneck,Whitecrewneck,top,,womens assets.zip,whitecrewneck.jfif,womens assets/tops/whitecrewneck.jfif,female-assets/top/whitecrewneck.jpg,https://pub-43484c7ec0d741cabcac4df01e98344b.r2.dev/female-assets/top/whitecrewneck.jpg,true,.jfif source -> .jpg target (R2 key is .jpg),
meghna_female_top_whiteshirt,Whiteshirt,top,shirt,womens assets.zip,whiteshirt.jfif,womens assets/tops/whiteshirt.jfif,female-assets/top/whiteshirt.jpg,https://pub-43484c7ec0d741cabcac4df01e98344b.r2.dev/female-assets/top/whiteshirt.jpg,true,.jfif source -> .jpg target (R2 key is .jpg),
meghna_female_top_whitetank,Whitetank,top,tank,womens assets.zip,whitetank.jfif,womens assets/tops/whitetank.jfif,female-assets/top/whitetank.jpg,https://pub-43484c7ec0d741cabcac4df01e98344b.r2.dev/female-assets/top/whitetank.jpg,true,.jfif source -> .jpg target (R2 key is .jpg),
meghna_female_top_whitetop,Whitetop,top,,womens assets.zip,whitetop.jpg,womens assets/tops/whitetop.jpg,female-assets/top/whitetop.jpg,https://pub-43484c7ec0d741cabcac4df01e98344b.r2.dev/female-assets/top/whitetop.jpg,false,,
meghna_female_accessory_airpods,Airpods,accessory,,womens assets.zip,airpods.jpg,womens assets/travel accessories/airpods.jpg,female-assets/accessory/airpods.jpg,https://pub-43484c7ec0d741cabcac4df01e98344b.r2.dev/female-assets/accessory/airpods.jpg,false,,
meghna_female_accessory_backpack,Backpack,accessory,backpack,womens assets.zip,backpack.jpg,womens assets/travel accessories/backpack.jpg,female-assets/accessory/backpack.jpg,https://pub-43484c7ec0d741cabcac4df01e98344b.r2.dev/female-assets/accessory/backpack.jpg,false,,
meghna_female_accessory_black_brush,Black Brush,accessory,,womens assets.zip,black brush.jpg,womens assets/travel accessories/black brush.jpg,female-assets/accessory/black_brush.jpg,https://pub-43484c7ec0d741cabcac4df01e98344b.r2.dev/female-assets/accessory/black_brush.jpg,false,,
meghna_female_accessory_blackdrinkflask,Blackdrinkflask,accessory,,womens assets.zip,blackdrinkflask.jpg,womens assets/travel accessories/blackdrinkflask.jpg,female-assets/accessory/blackdrinkflask.jpg,https://pub-43484c7ec0d741cabcac4df01e98344b.r2.dev/female-assets/accessory/blackdrinkflask.jpg,false,,
meghna_female_accessory_breathstips,Breathstips,accessory,,womens assets.zip,breathstips.jpg,womens assets/travel accessories/breathstips.jpg,female-assets/accessory/breathstips.jpg,https://pub-43484c7ec0d741cabcac4df01e98344b.r2.dev/female-assets/accessory/breathstips.jpg,false,,
meghna_female_accessory_chewinggum,Chewinggum,accessory,,womens assets.zip,chewinggum.jpg,womens assets/travel accessories/chewinggum.jpg,female-assets/accessory/chewinggum.jpg,https://pub-43484c7ec0d741cabcac4df01e98344b.r2.dev/female-assets/accessory/chewinggum.jpg,false,,
meghna_female_accessory_documentholder,Documentholder,accessory,,womens assets.zip,documentholder.jpg,womens assets/travel accessories/documentholder.jpg,female-assets/accessory/documentholder.jpg,https://pub-43484c7ec0d741cabcac4df01e98344b.r2.dev/female-assets/accessory/documentholder.jpg,false,,
meghna_female_accessory_drinkflask,Drinkflask,accessory,,womens assets.zip,drinkflask.jpg,womens assets/travel accessories/drinkflask.jpg,female-assets/accessory/drinkflask.jpg,https://pub-43484c7ec0d741cabcac4df01e98344b.r2.dev/female-assets/accessory/drinkflask.jpg,false,,
meghna_female_accessory_dufflebag,Dufflebag,accessory,bag,womens assets.zip,dufflebag.jpg,womens assets/travel accessories/dufflebag.jpg,female-assets/accessory/dufflebag.jpg,https://pub-43484c7ec0d741cabcac4df01e98344b.r2.dev/female-assets/accessory/dufflebag.jpg,false,,
meghna_female_accessory_foldable_umberella,Foldable Umberella,accessory,,womens assets.zip,foldable umberella.jpg,womens assets/travel accessories/foldable umberella.jpg,female-assets/accessory/foldable_umberella.jpg,https://pub-43484c7ec0d741cabcac4df01e98344b.r2.dev/female-assets/accessory/foldable_umberella.jpg,false,,
meghna_female_accessory_hairclutch,Hairclutch,accessory,clutch,womens assets.zip,hairclutch.jpg,womens assets/travel accessories/hairclutch.jpg,female-assets/accessory/hairclutch.jpg,https://pub-43484c7ec0d741cabcac4df01e98344b.r2.dev/female-assets/accessory/hairclutch.jpg,false,,
meghna_female_accessory_medicalkit,Medicalkit,accessory,,womens assets.zip,medicalkit.jpg,womens assets/travel accessories/medicalkit.jpg,female-assets/accessory/medicalkit.jpg,https://pub-43484c7ec0d741cabcac4df01e98344b.r2.dev/female-assets/accessory/medicalkit.jpg,false,,
meghna_female_accessory_mouthfreshener,Mouthfreshener,accessory,,womens assets.zip,mouthfreshener.jpg,womens assets/travel accessories/mouthfreshener.jpg,female-assets/accessory/mouthfreshener.jpg,https://pub-43484c7ec0d741cabcac4df01e98344b.r2.dev/female-assets/accessory/mouthfreshener.jpg,false,,
meghna_female_accessory_pink_foldable_umberella,Pink Foldable Umberella,accessory,,womens assets.zip,pink foldable umberella.jpg,womens assets/travel accessories/pink foldable umberella.jpg,female-assets/accessory/pink_foldable_umberella.jpg,https://pub-43484c7ec0d741cabcac4df01e98344b.r2.dev/female-assets/accessory/pink_foldable_umberella.jpg,false,,
meghna_female_accessory_pink_handfan,Pink Handfan,accessory,,womens assets.zip,pink handfan.jpg,womens assets/travel accessories/pink handfan.jpg,female-assets/accessory/pink_handfan.jpg,https://pub-43484c7ec0d741cabcac4df01e98344b.r2.dev/female-assets/accessory/pink_handfan.jpg,false,,
meghna_female_accessory_pink_scrunchie,Pink Scrunchie,accessory,scrunchie,womens assets.zip,pink scrunchie.jpg,womens assets/travel accessories/pink scrunchie.jpg,female-assets/accessory/pink_scrunchie.jpg,https://pub-43484c7ec0d741cabcac4df01e98344b.r2.dev/female-assets/accessory/pink_scrunchie.jpg,false,,
meghna_female_accessory_pinkflask,Pinkflask,accessory,,womens assets.zip,pinkflask.jpg,womens assets/travel accessories/pinkflask.jpg,female-assets/accessory/pinkflask.jpg,https://pub-43484c7ec0d741cabcac4df01e98344b.r2.dev/female-assets/accessory/pinkflask.jpg,false,,
meghna_female_accessory_purple_foldable_umberella,Purple Foldable Umberella,accessory,,womens assets.zip,purple foldable umberella.jpg,womens assets/travel accessories/purple foldable umberella.jpg,female-assets/accessory/purple_foldable_umberella.jpg,https://pub-43484c7ec0d741cabcac4df01e98344b.r2.dev/female-assets/accessory/purple_foldable_umberella.jpg,false,,
meghna_female_accessory_purpleflask,Purpleflask,accessory,,womens assets.zip,purpleflask.jpg,womens assets/travel accessories/purpleflask.jpg,female-assets/accessory/purpleflask.jpg,https://pub-43484c7ec0d741cabcac4df01e98344b.r2.dev/female-assets/accessory/purpleflask.jpg,false,,
meghna_female_accessory_travelfileorganiser,Travelfileorganiser,accessory,,womens assets.zip,travelfileorganiser.jpg,womens assets/travel accessories/travelfileorganiser.jpg,female-assets/accessory/travelfileorganiser.jpg,https://pub-43484c7ec0d741cabcac4df01e98344b.r2.dev/female-assets/accessory/travelfileorganiser.jpg,false,,
meghna_female_accessory_travelweighingscale,Travelweighingscale,accessory,,womens assets.zip,travelweighingscale.jpg,womens assets/travel accessories/travelweighingscale.jpg,female-assets/accessory/travelweighingscale.jpg,https://pub-43484c7ec0d741cabcac4df01e98344b.r2.dev/female-assets/accessory/travelweighingscale.jpg,false,,
meghna_female_accessory_tumbler_white,Tumbler White,accessory,,womens assets.zip,tumbler white.jpg,womens assets/travel accessories/tumbler white.jpg,female-assets/accessory/tumbler_white.jpg,https://pub-43484c7ec0d741cabcac4df01e98344b.r2.dev/female-assets/accessory/tumbler_white.jpg,false,,
meghna_female_accessory_blue_beanie,Blue Beanie,accessory,beanie,womens assets.zip,blue beanie.jpg,womens assets/winter accessories/blue beanie.jpg,female-assets/accessory/blue_beanie.jpg,https://pub-43484c7ec0d741cabcac4df01e98344b.r2.dev/female-assets/accessory/blue_beanie.jpg,false,,
meghna_female_accessory_pink_beanie,Pink Beanie,accessory,beanie,womens assets.zip,pink beanie.jpg,womens assets/winter accessories/pink beanie.jpg,female-assets/accessory/pink_beanie.jpg,https://pub-43484c7ec0d741cabcac4df01e98344b.r2.dev/female-assets/accessory/pink_beanie.jpg,false,,
